㓛,1351,1351,12355,名詞,固有名詞,人名,名,*,*,㓛,イサオ,イサオ,0/3,*
䒾,1345,1345,11761,名詞,一般,*,*,*,*,䒾,ミノ,ミノ,1/2,C3
䟽,1345,1345,11344,名詞,一般,*,*,*,*,䟽,ショ,ショ,1/1,C1
不,1340,1340,8226,副詞,*,*,*,*,*,不,エ,エ,1/1,*
不,1345,1345,12280,名詞,一般,*,*,*,*,不,イナ,イナ,1/2,C3
与,1350,1350,12086,名詞,固有名詞,人名,姓,*,*,与,アタエ,アタエ,0/3,*
且,1340,1340,7515,副詞,*,*,*,*,*,且,カク,カク,1/2,*
且,580,580,7167,接続詞,*,*,*,*,*,且,カツ,カツ,1/2,*
丕,1351,1351,12686,名詞,固有名詞,人名,名,*,*,丕,ヒ,ヒ,1/1,*
並,580,580,8129,接続詞,*,*,*,*,*,並,マタ,マタ,0/2,*
並,649,649,9402,動詞,自立,*,*,一段,未然形,並る,ナラベ,ナラベ,0/3,C2
並,652,652,8733,動詞,自立,*,*,一段,連用形,並る,ナラベ,ナラベ,0/3,C2
乖,1343,1343,10848,名詞,サ変接続,*,*,*,*,乖,カイ,カイ,1/2,C4
也,1340,1340,7096,副詞,*,*,*,*,*,也,マタ,マタ,0/2,*
亂,1345,1345,11793,名詞,一般,*,*,*,*,亂,ラン,ラン,1/2,C3
予,1366,1366,11293,名詞,代名詞,一般,*,*,*,予,ヨ,ヨ,1/1,*
亊,1345,1345,10593,名詞,一般,*,*,*,*,亊,コト,コト,2/2,C3
于,1350,1350,12331,名詞,固有名詞,人名,姓,*,*,于,ウ,ウ,1/1,*
互,1345,1345,11634,名詞,一般,*,*,*,*,互,タガイ,タガイ,0/3,C2
亙,1351,1351,12353,名詞,固有名詞,人名,名,*,*,亙,ワタル,ワタル,0/3,*
些,1345,1345,10388,名詞,一般,*,*,*,*,些,サ,サ,1/1,C3
亞,1345,1345,11962,名詞,一般,*,*,*,*,亞,ア,ア,1/1,C3
亢,1345,1345,11682,名詞,一般,*,*,*,*,亢,コウ,コー,1/2,C3
交,1345,1345,12044,名詞,一般,*,*,*,*,交,コウ,コー,1/2,C3
亶,1353,1353,12001,名詞,固有名詞,地域,一般,*,*,亶,タン,タン,1/2,*
亷,1345,1345,11910,名詞,一般,*,*,*,*,亷,カド,カド,1/2,C3
亻,1345,1345,11340,名詞,一般,*,*,*,*,亻,ニンベン,ニンベン,0/4,C2
仄,1345,1345,12303,名詞,一般,*,*,*,*,仄,ソク,ソク,1/2,C3
仍,1340,1340,7056,副詞,*,*,*,*,*,仍,ナオ,ナオ,1/2,*
仍,1366,1366,11500,名詞,代名詞,一般,*,*,*,仍,ソコ,ソコ,0/2,*
仔,1345,1345,11579,名詞,一般,*,*,*,*,仔,コ,コ,0/1,C4
仞,1360,1360,12704,名詞,接尾,助数詞,*,*,*,仞,ジン,ジン,1/2,C3
仭,1360,1360,12704,名詞,接尾,助数詞,*,*,*,仭,ジン,ジン,1/2,C3
仰,1351,1351,12302,名詞,固有名詞,人名,名,*,*,仰,アオグ,アオグ,0/3,*
份,1351,1351,12237,名詞,固有名詞,人名,名,*,*,份,フン,フン,1/2,*
企,1345,1345,11882,名詞,一般,*,*,*,*,企,タクラミ,タクラミ,0/4,C2
伎,1345,1345,11417,名詞,一般,*,*,*,*,伎,キ,キ,1/1,C1
佇,1345,1345,11777,名詞,一般,*,*,*,*,佇,タタズマイ,タタズマイ,0/5,C2
低,1345,1345,13557,名詞,一般,*,*,*,*,低,テイ,テー,1/2,C3
何,1340,1340,7442,副詞,*,*,*,*,*,何,ドウ,ドー,1/2,*
佚,1345,1345,11593,名詞,一般,*,*,*,*,佚,イツ,イツ,1/2,C3
佟,1350,1350,12403,名詞,固有名詞,人名,姓,*,*,佟,トウ,トー,1/2,*
佩,1351,1351,12543,名詞,固有名詞,人名,名,*,*,佩,ハイ,ハイ,1/2,*
併,1345,1345,11451,名詞,一般,*,*,*,*,併,ナラビ,ナラビ,0/3,C2
併,580,580,6859,接続詞,*,*,*,*,*,併,シカシ,シカシ,2/3,*
侑,1351,1351,12564,名詞,固有名詞,人名,名,*,*,侑,ユウ,ユー,1/2,*
侠,1347,1347,11342,名詞,形容動詞語幹,*,*,*,*,侠,キャン,キャン,1/2,C3
侮,1345,1345,11779,名詞,一般,*,*,*,*,侮,アナドリ,アナドリ,0/4,C2
侶,1345,1345,12701,名詞,一般,*,*,*,*,侶,トモ,トモ,1/2,C3
俑,1345,1345,11478,名詞,一般,*,*,*,*,俑,ヨウ,ヨー,1/2,C3
俠,1345,1345,11562,名詞,一般,*,*,*,*,俠,キョウ,キョー,1/2,C3
俱,1345,1345,11826,名詞,一般,*,*,*,*,俱,トモ,トモ,1/2,C3
俶,1351,1351,12881,名詞,固有名詞,人名,名,*,*,俶,ハジメ,ハジメ,0/3,*
俸,1345,1345,10838,名詞,一般,*,*,*,*,俸,ホウ,ホー,1/2,C3
倐,1340,1340,7725,副詞,*,*,*,*,*,倐,タチマチ,タチマチ,0/4,*
倔,1349,1349,11936,名詞,固有名詞,人名,一般,*,*,倔,クツ,クツ,1/2,*
倖,1343,1343,11605,名詞,サ変接続,*,*,*,*,倖,サイワイ,サイワイ,0/4,C2
借,1345,1345,11869,名詞,一般,*,*,*,*,借,カリ,カリ,0/2,C3
倦,649,649,8011,動詞,自立,*,*,一段,未然形,倦る,アキ,アキ,2/2,C1
倦,652,652,7666,動詞,自立,*,*,一段,連用形,倦る,アキ,アキ,2/2,C1
倪,1366,1366,11777,名詞,代名詞,一般,*,*,*,倪,ワレ,ワレ,1/2,*
倶,1345,1345,11826,名詞,一般,*,*,*,*,倶,トモ,トモ,1/2,C3
倹,1351,1351,11986,名詞,固有名詞,人名,名,*,*,倹,ケン,ケン,1/2,*
偃,1351,1351,12567,名詞,固有名詞,人名,名,*,*,偃,エン,エン,1/2,*
偐,1345,1345,11395,名詞,一般,*,*,*,*,偐,ニセ,ニセ,0/2,C3
偕,1351,1351,13707,名詞,固有名詞,人名,名,*,*,偕,トモ,トモ,1/2,*
偖,580,580,6644,接続詞,*,*,*,*,*,偖,サテ,サテ,1/2,*
偶,1340,1340,7741,副詞,*,*,*,*,*,偶,タマ,タマ,0/2,*
偸,1347,1347,11593,名詞,形容動詞語幹,*,*,*,*,偸,ヒソカ,ヒソカ,1/3,C1
備,1351,1351,12270,名詞,固有名詞,人名,名,*,*,備,ソナエ,ソナエ,0/3,*
催,1345,1345,11742,名詞,一般,*,*,*,*,催,モヨオシ,モヨーシ,0/4,C2
傴,1345,1345,11779,名詞,一般,*,*,*,*,傴,クグセ,クグセ,1/3,*
僅,12,12,7426,形容詞,自立,*,*,形容詞・アウオ段,ガル接続,僅い,スクナ,スクナ,3/3,C1
僅,1347,1347,12686,名詞,形容動詞語幹,*,*,*,*,僅,ワズカ,ワズカ,1/3,C1
僊,1347,1347,11580,名詞,形容動詞語幹,*,*,*,*,僊,セン,セン,1/2,C1
僑,1345,1345,11562,名詞,一般,*,*,*,*,僑,キョウ,キョー,1/2,C1
僙,1351,1351,13171,名詞,固有名詞,人名,名,*,*,僙,コウ,コー,1/2,*
僚,1345,1345,11609,名詞,一般,*,*,*,*,僚,リョウ,リョー,1/2,C3
價,1343,1343,11468,名詞,サ変接続,*,*,*,*,價,アタイ,アタイ,0/3,C2
儒,1345,1345,12108,名詞,一般,*,*,*,*,儒,ジュ,ジュ,1/1,C3
儘,1375,1375,11246,名詞,副詞可能,*,*,*,*,儘,ママ,ママ,2/2,C3
儛,1345,1345,12607,名詞,一般,*,*,*,*,儛,マイ,マイ,0/2,C3
儞,1366,1366,11623,名詞,代名詞,一般,*,*,*,儞,ナンジ,ナンジ,1/3,*
儺,1354,1354,11608,名詞,固有名詞,地域,国,*,*,儺,ナ,ナ,1/1,*
儻,1345,1345,11783,名詞,一般,*,*,*,*,儻,タムラ,タムラ,1/3,*
兀,1345,1345,11717,名詞,一般,*,*,*,*,兀,コツ,コツ,1/2,C3
充,649,649,9304,動詞,自立,*,*,一段,未然形,充る,アテ,アテ,0/2,C2
充,652,652,8897,動詞,自立,*,*,一段,連用形,充る,アテ,アテ,0/2,C2
兌,1351,1351,12260,名詞,固有名詞,人名,名,*,*,兌,ナオシ,ナオシ,1/3,*
全,12,12,10335,形容詞,自立,*,*,形容詞・アウオ段,ガル接続,全い,マッタ,マッタ,3/3,C1
兪,1350,1350,12128,名詞,固有名詞,人名,姓,*,*,兪,ユ,ユ,1/1,*
其,1366,1366,11432,名詞,代名詞,一般,*,*,*,其,ソコ,ソコ,0/2,*
其,1376,1376,4723,連体詞,*,*,*,*,*,其,ソノ,ソノ,0/2,*
冉,1350,1350,12726,名詞,固有名詞,人名,姓,*,*,冉,ゼン,ゼン,1/2,*
冒,1350,1350,12985,名詞,固有名詞,人名,姓,*,*,冒,ボウ,ボー,1/2,*
冕,1345,1345,11560,名詞,一般,*,*,*,*,冕,ベン,ベン,1/2,C3
冢,1345,1345,11714,名詞,一般,*,*,*,*,冢,ツカ,ツカ,2/2,C3
冥,12,12,8378,形容詞,自立,*,*,形容詞・アウオ段,ガル接続,冥い,クラ,クラ,0/2,C2
冱,1345,1345,11916,名詞,一般,*,*,*,*,冱,サエ,サエ,2/2,C3
冲,1350,1350,12218,名詞,固有名詞,人名,姓,*,*,冲,オキ,オキ,1/2,*
冼,1350,1350,12762,名詞,固有名詞,人名,姓,*,*,冼,ショウ,ショー,1/2,*
凍,1345,1345,11328,名詞,一般,*,*,*,*,凍,コオリ,コーリ,0/3,C2
几,1345,1345,11302,名詞,一般,*,*,*,*,几,ツクエ,ツクエ,0/3,C2
凡,1345,1345,11733,名詞,一般,*,*,*,*,凡,ボン,ボン,1/2,C3
凱,1351,1351,12755,名詞,固有名詞,人名,名,*,*,凱,ガイ,ガイ,1/2,*
凶,12,12,8228,形容詞,自立,*,*,形容詞・アウオ段,ガル接続,凶い,マガ,マガ,2/2,C1
凹,1345,1345,13600,名詞,一般,*,*,*,*,凹,オウ,オー,1/2,C4
刄,1345,1345,11788,名詞,一般,*,*,*,*,刄,ヤイバ,ヤイバ,1/3,C1
分,649,649,9263,動詞,自立,*,*,一段,未然形,分る,ワケ,ワケ,2/2,C1
分,652,652,8378,動詞,自立,*,*,一段,連用形,分る,ワケ,ワケ,2/2,C1
初,12,12,8548,形容詞,自立,*,*,形容詞・アウオ段,ガル接続,初い,ウブ,ウブ,2/2,C1
初,1340,1340,7982,副詞,*,*,*,*,*,初,ハジメテ,ハジメテ,2/4,*
刮,1345,1345,11779,名詞,一般,*,*,*,*,刮,キサゲ,キサゲ,0/3,C2
到,1351,1351,12188,名詞,固有名詞,人名,名,*,*,到,イタル,イタル,0/3,*
刹,1345,1345,11485,名詞,一般,*,*,*,*,刹,セツ,セツ,1/2,C3
剃,1345,1345,11286,名詞,一般,*,*,*,*,剃,ソリ,ソリ,2/2,C2
剋,1345,1345,11393,名詞,一般,*,*,*,*,剋,コク,コク,1/2,C3
剛,12,12,9304,形容詞,自立,*,*,形容詞・アウオ段,ガル接続,剛い,コワ,コワ,2/2,C1
剰,1340,1340,7501,副詞,*,*,*,*,*,剰,アマツサエ,アマツサエ,3/5,*
劍,1345,1345,11104,名詞,一般,*,*,*,*,劍,ケン,ケン,1/2,C3
劭,1351,1351,13167,名詞,固有名詞,人名,名,*,*,劭,ショウ,ショー,1/2,*
励,1345,1345,11870,名詞,一般,*,*,*,*,励,ハゲミ,ハゲミ,3/3,C2
勁,12,12,7454,形容詞,自立,*,*,形容詞・アウオ段,ガル接続,勁い,ツヨ,ツヨ,2/2,C1
勁,1351,1351,12064,名詞,固有名詞,人名,名,*,*,勁,ツヨシ,ツヨシ,1/3,*
勒,1345,1345,11622,名詞,一般,*,*,*,*,勒,ツトメ,ツトメ,3/3,C2
勳,1351,1351,12355,名詞,固有名詞,人名,名,*,*,勳,イサオ,イサオ,0/3,*
勸,1351,1351,12156,名詞,固有名詞,人名,名,*,*,勸,ススム,ススム,0/3,*
勾,1345,1345,11795,名詞,一般,*,*,*,*,勾,マガリ,マガリ,0/3,C2
勿,1340,1340,7340,副詞,*,*,*,*,*,勿,モチ,モチ,2/2,*
匕,1345,1345,11043,名詞,一般,*,*,*,*,匕,サジ,サジ,1/2,C3
化,649,649,9540,動詞,自立,*,*,一段,未然形,化る,バケ,バケ,2/2,C1
化,652,652,8925,動詞,自立,*,*,一段,連用形,化る,バケ,バケ,2/2,C1
區,1345,1345,11068,名詞,一般,*,*,*,*,區,ク,ク,1/1,C3
卅,1355,1355,10446,名詞,数,*,*,*,*,卅,サンジュウ,サンジュー,1/4,C1
卑,12,12,8285,形容詞,自立,*,*,形容詞・アウオ段,ガル接続,卑い,ヒク,ヒク,2/2,C1
博,12,12,8153,形容詞,自立,*,*,形容詞・アウオ段,ガル接続,博い,ヒロ,ヒロ,2/2,C1
卞,1350,1350,12389,名詞,固有名詞,人名,姓,*,*,卞,ベン,ベン,1/2,*
卣,1345,1345,11615,名詞,一般,*,*,*,*,卣,ユウ,ユー,1/2,C3
危,12,12,8321,形容詞,自立,*,*,形容詞・アウオ段,ガル接続,危い,アヤウ,アヤウ,0/3,C2
危,1350,1350,12226,名詞,固有名詞,人名,姓,*,*,危,キ,キ,1/1,*
卷,1360,1360,11646,名詞,接尾,助数詞,*,*,*,卷,マキ,マキ,1/2,C1
厰,1345,1345,11582,名詞,一般,*,*,*,*,厰,ショウ,ショー,1/2,C3
厲,1343,1343,11549,名詞,サ変接続,*,*,*,*,厲,ワザワイ,ワザワイ,0/4,C2
厳,12,12,8536,形容詞,自立,*,*,形容詞・アウオ段,ガル接続,厳い,イカ,イカ,2/2,C1
參,1355,1355,10585,名詞,数,*,*,*,*,參,サン,サン,0/2,C3
又,1349,1349,13644,名詞,固有名詞,人名,一般,*,*,又,マタ,マタ,1/2,*
及,1340,1340,7150,副詞,*,*,*,*,*,及,マタ,マタ,0/2,*
及,580,580,7047,接続詞,*,*,*,*,*,及,オヨビ,オヨビ,1/3,*
取,1345,1345,11486,名詞,一般,*,*,*,*,取,トリ,トリ,2/2,C3
受,1345,1345,12251,名詞,一般,*,*,*,*,受,ジュ,ジュ,1/1,C3
受,649,649,8365,動詞,自立,*,*,一段,未然形,受る,ウケ,ウケ,2/2,C1
受,652,652,7659,動詞,自立,*,*,一段,連用形,受る,ウケ,ウケ,2/2,C1
叟,1345,1345,11747,名詞,一般,*,*,*,*,叟,ソウ,ソー,1/2,C3
只,580,580,6776,接続詞,*,*,*,*,*,只,タダ,タダ,1/2,*
叫,1345,1345,11772,名詞,一般,*,*,*,*,叫,サケビ,サケビ,3/3,C2
召,1345,1345,11660,名詞,一般,*,*,*,*,召,メシ,メシ,2/2,C4
吏,1351,1351,11766,名詞,固有名詞,人名,名,*,*,吏,ツカサ,ツカサ,0/3,*
吝,1347,1347,11376,名詞,形容動詞語幹,*,*,*,*,吝,ケチ,ケチ,1/2,C3
否,1340,1340,7925,副詞,*,*,*,*,*,否,エ,エ,1/1,*
含,795,795,8017,動詞,自立,*,*,五段・マ行,基本形,含む,フクム,フクム,2/3,C1
听,1360,1360,12210,名詞,接尾,助数詞,*,*,*,听,キン,キン,1/2,C3
吹,1345,1345,12001,名詞,一般,*,*,*,*,吹,フキ,フキ,2/2,C4
吻,1345,1345,10958,名詞,一般,*,*,*,*,吻,フン,フン,1/2,C3
吼,1345,1345,11387,名詞,一般,*,*,*,*,吼,ク,ク,1/1,C3
告,649,649,8771,動詞,自立,*,*,一段,未然形,告る,ツゲ,ツゲ,0/2,C2
告,652,652,8019,動詞,自立,*,*,一段,連用形,告る,ツゲ,ツゲ,0/2,C2
呎,1360,1360,10771,名詞,接尾,助数詞,*,*,*,呎,フィート,フィート,1/3,C2
呑,1350,1350,12757,名詞,固有名詞,人名,姓,*,*,呑,トン,トン,1/2,*
咄,1343,1343,11236,名詞,サ変接続,*,*,*,*,咄,ハナシ,ハナシ,3/3,C2
咋,1351,1351,12106,名詞,固有名詞,人名,名,*,*,咋,クイ,クイ,1/2,*
咒,1345,1345,12136,名詞,一般,*,*,*,*,咒,ジュ,ジュ,1/1,C3
咫,1360,1360,12206,名詞,接尾,助数詞,*,*,*,咫,アタ,アタ,1/2,C3
咸,1375,1375,10017,名詞,副詞可能,*,*,*,*,咸,ミナ,ミナ,2/2,C3
哀,1345,1345,12125,名詞,一般,*,*,*,*,哀,アイ,アイ,1/2,C3
哥,1345,1345,11743,名詞,一般,*,*,*,*,哥,ウタ,ウタ,2/2,C3
哿,1351,1351,12304,名詞,固有名詞,人名,名,*,*,哿,カナリ,カナリ,1/3,*
唯,580,580,6646,接続詞,*,*,*,*,*,唯,タダ,タダ,1/2,*
唱,1345,1345,10727,名詞,一般,*,*,*,*,唱,ショウ,ショー,1/2,C3
啖,1345,1345,12427,名詞,一般,*,*,*,*,啖,タン,タン,1/2,C3
啞,1345,1345,11867,名詞,一般,*,*,*,*,啞,ア,ア,1/1,C3
啻,1345,1345,11018,名詞,一般,*,*,*,*,啻,タダ,タダ,1/2,C3
單,1345,1345,12183,名詞,一般,*,*,*,*,單,タン,タン,1/2,C3
嗣,1351,1351,12501,名詞,固有名詞,人名,名,*,*,嗣,ツグ,ツグ,1/2,*
嗧,1360,1360,10105,名詞,接尾,助数詞,*,*,*,嗧,ガロン,ガロン,1/3,C1
嘆,1345,1345,11971,名詞,一般,*,*,*,*,嘆,タン,タン,1/2,C3
嘗,1340,1340,7045,副詞,*,*,*,*,*,嘗,カツテ,カツテ,1/3,*
嘗,1349,1349,12708,名詞,固有名詞,人名,一般,*,*,嘗,ショウ,ショー,1/2,*
嘯,1345,1345,11871,名詞,一般,*,*,*,*,嘯,ウソ,ウソ,1/2,C1
嘲,1345,1345,11779,名詞,一般,*,*,*,*,嘲,アザケリ,アザケリ,0/4,C2
嘽,1345,1345,12102,名詞,一般,*,*,*,*,嘽,ヒトエ,ヒトエ,2/3,C1
噓,1345,1345,11648,名詞,一般,*,*,*,*,噓,ウソ,ウソ,1/2,C3
噯,1345,1345,11557,名詞,一般,*,*,*,*,噯,オクビ,オクビ,0/3,C2
嚏,1345,1345,11779,名詞,一般,*,*,*,*,嚏,クシャミ,クシャミ,2/3,C1
嚢,1345,1345,11394,名詞,一般,*,*,*,*,嚢,ノウ,ノー,0/2,C3
嚮,1375,1375,11833,名詞,副詞可能,*,*,*,*,嚮,サキ,サキ,0/2,C4
嚴,1351,1351,12176,名詞,固有名詞,人名,名,*,*,嚴,イワオ,イワオ,0/3,*
囀,1345,1345,11613,名詞,一般,*,*,*,*,囀,サエズリ,サエズリ,0/4,C2
囃,1345,1345,11462,名詞,一般,*,*,*,*,囃,ハヤシ,ハヤシ,3/3,C2
囊,1345,1345,11394,名詞,一般,*,*,*,*,囊,ノウ,ノー,0/2,C3
囗,1345,1345,11779,名詞,一般,*,*,*,*,囗,クニガマエ,クニガマエ,3/5,C1
困,1345,1345,12263,名詞,一般,*,*,*,*,困,コン,コン,1/2,C3
囲,1345,1345,11537,名詞,一般,*,*,*,*,囲,カコイ,カコイ,0/3,C2
固,1345,1345,11682,名詞,一般,*,*,*,*,固,モト,モト,2/2,C4
圍,1345,1345,11379,名詞,一般,*,*,*,*,圍,カコイ,カコイ,0/3,C2
圖,1345,1345,11580,名詞,一般,*,*,*,*,圖,ズ,ズ,0/1,C3
圧,1345,1345,11202,名詞,一般,*,*,*,*,圧,アツ,アツ,1/2,C3
圻,1345,1345,11313,名詞,一般,*,*,*,*,圻,キ,キ,1/1,C3
坎,1345,1345,11958,名詞,一般,*,*,*,*,坎,カン,カン,1/2,C3
坐,1375,1375,11635,名詞,副詞可能,*,*,*,*,坐,クライ,クライ,0/3,C2
垓,1355,1355,11633,名詞,数,*,*,*,*,垓,ガイ,ガイ,1/2,C3
垜,1345,1345,11778,名詞,一般,*,*,*,*,垜,アズチ,アズチ,1/3,C1
埓,1345,1345,11116,名詞,一般,*,*,*,*,埓,ラチ,ラチ,1/2,C1
埼,1345,1345,11831,名詞,一般,*,*,*,*,埼,サキ,サキ,2/2,C3
堆,1345,1345,11713,名詞,一般,*,*,*,*,堆,タイ,タイ,1/2,C3
堕,1345,1345,12091,名詞,一般,*,*,*,*,堕,ダ,ダ,1/1,C3
堯,1349,1349,12189,名詞,固有名詞,人名,一般,*,*,堯,ギョウ,ギョー,1/2,*
塘,1351,1351,12390,名詞,固有名詞,人名,名,*,*,塘,ツツミ,ツツミ,1/3,*
塞,1353,1353,11859,名詞,固有名詞,地域,一般,*,*,塞,サイ,サイ,1/2,*
塡,649,649,8524,動詞,自立,*,*,一段,未然形,塡る,ハメ,ハメ,0/2,C2
塡,652,652,7602,動詞,自立,*,*,一段,連用形,塡る,ハメ,ハメ,0/2,C2
塢,1345,1345,11954,名詞,一般,*,*,*,*,塢,ウ,ウ,1/1,C3
塹,1345,1345,11779,名詞,一般,*,*,*,*,塹,ホリケ,ホリケ,1/3,*
塼,1345,1345,12179,名詞,一般,*,*,*,*,塼,セン,セン,1/2,C3
墟,1345,1345,11574,名詞,一般,*,*,*,*,墟,サカイ,サカイ,2/3,C1
墻,1345,1345,11166,名詞,一般,*,*,*,*,墻,カキ,カキ,2/2,C3
壊,1345,1345,11488,名詞,一般,*,*,*,*,壊,カイ,カイ,1/2,C3
壼,1345,1345,11083,名詞,一般,*,*,*,*,壼,ツボ,ツボ,0/2,C3
夙,1375,1375,11118,名詞,副詞可能,*,*,*,*,夙,アシタ,アシタ,0/3,C2
大,38,38,9840,形容詞,自立,*,*,形容詞・イ段,ガル接続,大い,オオキ,オーキ,3/3,C2
太,1340,1340,8090,副詞,*,*,*,*,*,太,イト,イト,1/2,*
夬,1345,1345,11576,名詞,一般,*,*,*,*,夬,ケツ,ケツ,1/2,C3
奈,1345,1345,10955,名詞,一般,*,*,*,*,奈,ナ,ナ,1/1,C3
奎,1354,1354,11404,名詞,固有名詞,地域,国,*,*,奎,ケイ,ケー,1/2,*
奕,1351,1351,12383,名詞,固有名詞,人名,名,*,*,奕,エキ,エキ,1/2,*
奠,1345,1345,12259,名詞,一般,*,*,*,*,奠,デン,デン,1/2,C3
奧,1350,1350,13465,名詞,固有名詞,人名,姓,*,*,奧,オク,オク,1/2,*
奮,1351,1351,12340,名詞,固有名詞,人名,名,*,*,奮,イサム,イサム,0/3,*
奶,1345,1345,10687,名詞,一般,*,*,*,*,奶,ナイ,ナイ,1/2,C3
奸,1347,1347,11416,名詞,形容動詞語幹,*,*,*,*,奸,カン,カン,1/2,C3
妄,1347,1347,11924,名詞,形容動詞語幹,*,*,*,*,妄,ミダリ,ミダリ,1/3,C1
妍,1345,1345,11297,名詞,一般,*,*,*,*,妍,ケン,ケン,1/2,C3
妖,1343,1343,11549,名詞,サ変接続,*,*,*,*,妖,ワザワイ,ワザワイ,0/4,C2
妣,1345,1345,11818,名詞,一般,*,*,*,*,妣,ハハ,ハハ,1/2,C3
妥,1351,1351,12108,名詞,固有名詞,人名,名,*,*,妥,ヤスシ,ヤスシ,1/3,*
姆,1345,1345,11818,名詞,一般,*,*,*,*,姆,ハハ,ハハ,1/2,C3
姚,1350,1350,11473,名詞,固有名詞,人名,姓,*,*,姚,ヨウ,ヨー,1/2,*
姧,1347,1347,11415,名詞,形容動詞語幹,*,*,*,*,姧,カン,カン,1/2,C3
姨,1345,1345,11344,名詞,一般,*,*,*,*,姨,オバ,オバ,0/2,C4
姸,1345,1345,11297,名詞,一般,*,*,*,*,姸,ケン,ケン,1/2,C3
娃,1351,1351,12126,名詞,固有名詞,人名,名,*,*,娃,アイ,アイ,1/2,*
娥,1345,1345,11156,名詞,一般,*,*,*,*,娥,ガ,ガ,1/1,C3
娵,1345,1345,11252,名詞,一般,*,*,*,*,娵,ヨメ,ヨメ,0/2,C3
婀,1345,1345,11180,名詞,一般,*,*,*,*,婀,ア,ア,1/1,C3
婁,1345,1345,11774,名詞,一般,*,*,*,*,婁,ロウ,ロー,1/2,C3
婉,1345,1345,11256,名詞,一般,*,*,*,*,婉,エン,エン,1/2,C3
婢,1345,1345,10914,名詞,一般,*,*,*,*,婢,オンナ,オンナ,3/3,C2
媽,1345,1345,11787,名詞,一般,*,*,*,*,媽,カカ,カカ,1/2,C3
嫋,1345,1345,10859,名詞,一般,*,*,*,*,嫋,ジョウ,ジョー,1/2,C3
嬉,38,38,8122,形容詞,自立,*,*,形容詞・イ段,ガル接続,嬉い,ウレシ,ウレシ,3/3,C1
嬪,1345,1345,11384,名詞,一般,*,*,*,*,嬪,ヒン,ヒン,1/2,C3
嬰,1345,1345,11153,名詞,一般,*,*,*,*,嬰,エイ,エー,1/2,C3
嬴,1350,1350,12200,名詞,固有名詞,人名,姓,*,*,嬴,エイ,エー,1/2,*
孀,1345,1345,11779,名詞,一般,*,*,*,*,孀,ヤモメ,ヤモメ,0/3,C2
孑,1375,1375,9478,名詞,副詞可能,*,*,*,*,孑,ヒトリ,ヒトリ,2/3,C1
孛,1354,1354,11261,名詞,固有名詞,地域,国,*,*,孛,ハイ,ハイ,1/2,*
孰,1345,1345,11228,名詞,一般,*,*,*,*,孰,ジュク,ジュク,1/2,C3
宀,1345,1345,11779,名詞,一般,*,*,*,*,宀,ウカンムリ,ウカンムリ,2/5,C1
宇,1351,1351,11511,名詞,固有名詞,人名,名,*,*,宇,サカイ,サカイ,1/3,*
宍,1345,1345,11780,名詞,一般,*,*,*,*,宍,シシムラ,シシムラ,0/4,C2
容,649,649,9345,動詞,自立,*,*,一段,未然形,容る,イレ,イレ,0/2,C2
容,652,652,8627,動詞,自立,*,*,一段,連用形,容る,イレ,イレ,0/2,C2
寃,1345,1345,11256,名詞,一般,*,*,*,*,寃,エン,エン,1/2,C3
寇,1345,1345,11431,名詞,一般,*,*,*,*,寇,アダ,アダ,2/2,C1
寛,12,12,8049,形容詞,自立,*,*,形容詞・アウオ段,ガル接続,寛い,ヒロ,ヒロ,2/2,C1
察,1345,1345,11916,名詞,一般,*,*,*,*,察,サッシ,サッシ,0/3,C2
寡,12,12,7423,形容詞,自立,*,*,形容詞・アウオ段,ガル接続,寡い,スクナ,スクナ,3/3,C1
寡,1345,1345,11779,名詞,一般,*,*,*,*,寡,ヤモメ,ヤモメ,0/3,C2
寢,649,649,8835,動詞,自立,*,*,一段,未然形,寢る,ネ,ネ,0/1,C4
寢,652,652,8165,動詞,自立,*,*,一段,連用形,寢る,ネ,ネ,0/1,C4
寨,1345,1345,12026,名詞,一般,*,*,*,*,寨,サイ,サイ,1/2,C3
専,1345,1345,11594,名詞,一般,*,*,*,*,専,セン,セン,1/2,C4
對,1345,1345,11841,名詞,一般,*,*,*,*,對,タイ,タイ,1/2,C3
尒,1366,1366,10614,名詞,代名詞,一般,*,*,*,尒,ココ,ココ,0/2,*
尓,1350,1350,12251,名詞,固有名詞,人名,姓,*,*,尓,ジ,ジ,1/1,*
尢,1340,1340,7438,副詞,*,*,*,*,*,尢,モットモ,モットモ,1/4,*
尤,1340,1340,7441,副詞,*,*,*,*,*,尤,モットモ,モットモ,1/4,*
尽,1345,1345,12533,名詞,一般,*,*,*,*,尽,ジン,ジン,1/2,C3
屎,1345,1345,12115,名詞,一般,*,*,*,*,屎,クソ,クソ,2/2,C3
屛,1345,1345,11413,名詞,一般,*,*,*,*,屛,ヘイ,ヘー,0/2,C3
屠,1350,1350,12412,名詞,固有名詞,人名,姓,*,*,屠,ト,ト,1/1,*
屢,1340,1340,7557,副詞,*,*,*,*,*,屢,シバシバ,シバシバ,1/4,*
岐,1345,1345,11781,名詞,一般,*,*,*,*,岐,チマタ,チマタ,0/3,C2
岑,1350,1350,12588,名詞,固有名詞,人名,姓,*,*,岑,シン,シン,1/2,*
峒,1345,1345,12074,名詞,一般,*,*,*,*,峒,ホラ,ホラ,1/2,C3
崙,1345,1345,11337,名詞,一般,*,*,*,*,崙,ロン,ロン,1/2,C3
崚,1351,1351,12491,名詞,固有名詞,人名,名,*,*,崚,タケシ,タケシ,1/3,*
嵆,1350,1350,12379,名詞,固有名詞,人名,姓,*,*,嵆,ケイ,ケー,1/2,*
嵌,1345,1345,11959,名詞,一般,*,*,*,*,嵌,カン,カン,1/2,C3
嶌,1350,1350,12251,名詞,固有名詞,人名,姓,*,*,嶌,シマ,シマ,1/2,*
嶼,1345,1345,11283,名詞,一般,*,*,*,*,嶼,ショ,ショ,1/1,C3
巢,1345,1345,12063,名詞,一般,*,*,*,*,巢,ス,ス,1/1,C3
巧,12,12,7759,形容詞,自立,*,*,形容詞・アウオ段,ガル接続,巧い,ウマ,ウマ,2/2,C1
巨,1345,1345,11646,名詞,一般,*,*,*,*,巨,キョ,キョ,1/1,C3
帚,1345,1345,11779,名詞,一般,*,*,*,*,帚,ハハキ,ハハキ,0/3,C2
帛,1345,1345,11340,名詞,一般,*,*,*,*,帛,ハク,ハク,1/2,C1
幇,1345,1345,10731,名詞,一般,*,*,*,*,幇,ホウ,ホー,1/2,C3
幔,1345,1345,11447,名詞,一般,*,*,*,*,幔,マン,マン,1/2,C3
幘,1345,1345,11294,名詞,一般,*,*,*,*,幘,サク,サク,1/2,C3
幢,1345,1345,11643,名詞,一般,*,*,*,*,幢,ドウ,ドー,1/2,C3
干,1345,1345,11873,名詞,一般,*,*,*,*,干,ホシ,ホシ,0/2,C3
并,1345,1345,11444,名詞,一般,*,*,*,*,并,ナラビ,ナラビ,0/3,C2
幷,1345,1345,11444,名詞,一般,*,*,*,*,幷,ナラビ,ナラビ,0/3,C2
幽,1345,1345,11618,名詞,一般,*,*,*,*,幽,ユウ,ユー,1/2,C3
庶,1351,1351,12338,名詞,固有名詞,人名,名,*,*,庶,ショ,ショ,1/1,*
廁,1345,1345,11779,名詞,一般,*,*,*,*,廁,カワヤ,カワヤ,0/3,C2
廉,12,12,7681,形容詞,自立,*,*,形容詞・アウオ段,ガル接続,廉い,ヤス,ヤス,2/2,C1
廐,1345,1345,11779,名詞,一般,*,*,*,*,廐,ウマヤ,ウマヤ,0/3,C2
廖,1350,1350,12144,名詞,固有名詞,人名,姓,*,*,廖,リョウ,リョー,1/2,*
廚,1345,1345,11779,名詞,一般,*,*,*,*,廚,クリヤ,クリヤ,0/3,C2
廩,1345,1345,11775,名詞,一般,*,*,*,*,廩,リン,リン,1/2,C3
廳,1345,1345,11754,名詞,一般,*,*,*,*,廳,チョウ,チョー,1/2,C3
弋,1345,1345,11869,名詞,一般,*,*,*,*,弋,イズル,イズル,1/3,*
引,1345,1345,11733,名詞,一般,*,*,*,*,引,ヒキ,ヒキ,0/2,C3
弘,12,12,8063,形容詞,自立,*,*,形容詞・アウオ段,ガル接続,弘い,ヒロ,ヒロ,2/2,C1
弭,1345,1345,11779,名詞,一般,*,*,*,*,弭,ユハズ,ユハズ,0/3,C2
弴,1351,1351,13174,名詞,固有名詞,人名,名,*,*,弴,トン,トン,1/2,*
強,649,649,9853,動詞,自立,*,*,一段,未然形,強る,シイ,シイ,2/2,C1
強,652,652,10154,動詞,自立,*,*,一段,連用形,強る,シイ,シイ,2/2,C1
弼,1345,1345,11501,名詞,一般,*,*,*,*,弼,ヒチ,ヒチ,1/2,C3
彦,1345,1345,11826,名詞,一般,*,*,*,*,彦,ヒコノ,ヒコノ,0/3,C2
彫,1345,1345,11528,名詞,一般,*,*,*,*,彫,ホリ,ホリ,2/2,C3
彭,1350,1350,12437,名詞,固有名詞,人名,姓,*,*,彭,ホウ,ホー,1/2,*
彼,1340,1340,7683,副詞,*,*,*,*,*,彼,カク,カク,1/2,*
往,1375,1375,11840,名詞,副詞可能,*,*,*,*,往,サキ,サキ,0/2,C4
待,649,649,9187,動詞,自立,*,*,一段,未然形,待る,マテ,マテ,2/2,C1
待,652,652,8859,動詞,自立,*,*,一段,連用形,待る,マテ,マテ,2/2,C1
徒,1340,1340,6986,副詞,*,*,*,*,*,徒,タダ,タダ,1/2,*
従,1345,1345,11644,名詞,一般,*,*,*,*,従,ジュウ,ジュー,1/2,C3
御,1345,1345,11011,名詞,一般,*,*,*,*,御,ゴ,ゴ,1/1,C4
復,1340,1340,7110,副詞,*,*,*,*,*,復,マタ,マタ,0/2,*
微,1347,1347,12000,名詞,形容動詞語幹,*,*,*,*,微,カスカ,カスカ,1/3,C1
徽,1351,1351,12500,名詞,固有名詞,人名,名,*,*,徽,キ,キ,1/1,*
必,1340,1340,8095,副詞,*,*,*,*,*,必,カナラズ,カナラズ,0/4,*
応,649,649,9418,動詞,自立,*,*,一段,未然形,応る,コタエ,コタエ,3/3,C1
応,652,652,8043,動詞,自立,*,*,一段,連用形,応る,コタエ,コタエ,3/3,C1
快,1351,1351,12189,名詞,固有名詞,人名,名,*,*,快,カイ,カイ,1/2,*
忰,1345,1345,11779,名詞,一般,*,*,*,*,忰,セガレ,セガレ,0/3,C2
怒,1345,1345,11072,名詞,一般,*,*,*,*,怒,ド,ド,1/1,C3
怕,12,12,8296,形容詞,自立,*,*,形容詞・アウオ段,ガル接続,怕い,コワ,コワ,2/2,C1
思,1345,1345,11960,名詞,一般,*,*,*,*,思,シ,シ,1/1,C3
怠,1345,1345,11681,名詞,一般,*,*,*,*,怠,オコタリ,オコタリ,0/4,C2
急,1340,1340,8065,副詞,*,*,*,*,*,急,タチマチ,タチマチ,0/4,*
怨,1345,1345,11239,名詞,一般,*,*,*,*,怨,オン,オン,1/2,C3
怯,1345,1345,11562,名詞,一般,*,*,*,*,怯,キョウ,キョー,1/2,C3
恁,1340,1340,7043,副詞,*,*,*,*,*,恁,コウ,コー,1/2,*
恆,1351,1351,12694,名詞,固有名詞,人名,名,*,*,恆,ツネ,ツネ,1/2,*
恍,1345,1345,11682,名詞,一般,*,*,*,*,恍,コウ,コー,1/2,C3
恐,1353,1353,11552,名詞,固有名詞,地域,一般,*,*,恐,オソレ,オソレ,0/3,*
恢,1351,1351,12131,名詞,固有名詞,人名,名,*,*,恢,カイ,カイ,1/2,*
恨,1345,1345,10820,名詞,一般,*,*,*,*,恨,ハン,ハン,1/2,C3
悉,1340,1340,7503,副詞,*,*,*,*,*,悉,コトゴトク,コトゴトク,3/5,*
悉,1345,1345,10657,名詞,一般,*,*,*,*,悉,シツ,シツ,1/2,C3
悋,12,12,8180,形容詞,自立,*,*,形容詞・アウオ段,ガル接続,悋い,シワ,シワ,2/2,C1
悌,1345,1345,12048,名詞,一般,*,*,*,*,悌,テイ,テー,1/2,C4
悍,12,12,8203,形容詞,自立,*,*,形容詞・アウオ段,ガル接続,悍い,オズ,オズ,2/2,C1
悔,1345,1345,11418,名詞,一般,*,*,*,*,悔,カイ,カイ,1/2,C3
患,1345,1345,12118,名詞,一般,*,*,*,*,患,カン,カン,1/2,C3
悦,790,790,8496,動詞,自立,*,*,五段・バ行,連用タ接続,悦ぶ,ヨロコン,ヨロコン,3/4,C1
悲,1345,1345,11139,名詞,一般,*,*,*,*,悲,ヒ,ヒ,1/1,C3
悼,1345,1345,11714,名詞,一般,*,*,*,*,悼,イタミ,イタミ,0/3,C2
惓,1345,1345,11297,名詞,一般,*,*,*,*,惓,ケン,ケン,1/2,C3
惚,1345,1345,11342,名詞,一般,*,*,*,*,惚,ボケ,ボケ,1/2,C3
惜,38,38,6935,形容詞,自立,*,*,形容詞・イ段,ガル接続,惜い,オシ,オシ,2/2,C1
惜,42,42,6936,形容詞,自立,*,*,形容詞・イ段,基本形,惜い,オシイ,オシー,2/3,C1
惟,1351,1351,12281,名詞,固有名詞,人名,名,*,*,惟,ユイ,ユイ,1/2,*
惡,12,12,6953,形容詞,自立,*,*,形容詞・アウオ段,ガル接続,惡い,ワル,ワル,2/2,C1
惡,1345,1345,11311,名詞,一般,*,*,*,*,惡,アク,アク,1/2,C3
惰,1347,1347,11554,名詞,形容動詞語幹,*,*,*,*,惰,ダ,ダ,1/1,C3
惺,1351,1351,12781,名詞,固有名詞,人名,名,*,*,惺,サトル,サトル,0/3,*
愁,1345,1345,11712,名詞,一般,*,*,*,*,愁,ウレイ,ウレー,2/3,C2
愧,1345,1345,11534,名詞,一般,*,*,*,*,愧,ハジ,ハジ,2/2,C3
愷,1351,1351,12108,名詞,固有名詞,人名,名,*,*,愷,ヤスシ,ヤスシ,1/3,*
慈,1345,1345,11795,名詞,一般,*,*,*,*,慈,イツクシビ,イツクシビ,0/5,C2
慎,1340,1340,7599,副詞,*,*,*,*,*,慎,ユメ,ユメ,1/2,*
慢,1345,1345,11483,名詞,一般,*,*,*,*,慢,マン,マン,1/2,C3
慥,1347,1347,11797,名詞,形容動詞語幹,*,*,*,*,慥,タシカ,タシカ,1/3,C1
慨,1345,1345,12179,名詞,一般,*,*,*,*,慨,ガイ,ガイ,1/2,C3
慮,1343,1343,11713,名詞,サ変接続,*,*,*,*,慮,ココロ,ココロ,2/3,C1
憇,1351,1351,12749,名詞,固有名詞,人名,名,*,*,憇,ケイ,ケー,1/2,*
憊,1345,1345,11323,名詞,一般,*,*,*,*,憊,ツカレ,ツカレ,3/3,C2
憎,1345,1345,11265,名詞,一般,*,*,*,*,憎,ゾウ,ゾー,1/2,C3
憖,1340,1340,7499,副詞,*,*,*,*,*,憖,ナマジイ,ナマジイ,0/4,*
憧,1351,1351,13167,名詞,固有名詞,人名,名,*,*,憧,ショウ,ショー,1/2,*
憬,1351,1351,12781,名詞,固有名詞,人名,名,*,*,憬,サトル,サトル,0/3,*
懸,1345,1345,11653,名詞,一般,*,*,*,*,懸,カケ,カケ,2/2,C4
懿,1351,1351,12700,名詞,固有名詞,人名,名,*,*,懿,イ,イ,1/1,*
戀,1345,1345,11852,名詞,一般,*,*,*,*,戀,レン,レン,1/2,C3
戒,1345,1345,11787,名詞,一般,*,*,*,*,戒,カイ,カイ,1/2,C3
戚,1350,1350,12125,名詞,固有名詞,人名,姓,*,*,戚,セキ,セキ,1/2,*
戟,1345,1345,11402,名詞,一般,*,*,*,*,戟,ゲキ,ゲキ,1/2,C3
戯,1345,1345,11557,名詞,一般,*,*,*,*,戯,タワムレ,タワムレ,0/4,C2
戰,1345,1345,12044,名詞,一般,*,*,*,*,戰,イクサ,イクサ,0/3,C2
戴,1350,1350,12143,名詞,固有名詞,人名,姓,*,*,戴,タイ,タイ,1/2,*
扁,1351,1351,12231,名詞,固有名詞,人名,名,*,*,扁,ヘン,ヘン,1/2,*
扈,1350,1350,11896,名詞,固有名詞,人名,姓,*,*,扈,コ,コ,1/1,*
扠,580,580,6644,接続詞,*,*,*,*,*,扠,サテ,サテ,1/2,*
扣,1345,1345,11591,名詞,一般,*,*,*,*,扣,ヒカエ,ヒカエ,0/3,C2
扨,580,580,6644,接続詞,*,*,*,*,*,扨,サテ,サテ,1/2,*
扱,1345,1345,11798,名詞,一般,*,*,*,*,扱,コキ,コキ,1/2,C1
承,1345,1345,11585,名詞,一般,*,*,*,*,承,ショウ,ショー,1/2,C3
抄,1345,1345,11695,名詞,一般,*,*,*,*,抄,ショウ,ショー,1/2,C3
押,1345,1345,12256,名詞,一般,*,*,*,*,押,オシ,オシ,0/2,C4
担,1345,1345,11989,名詞,一般,*,*,*,*,担,タン,タン,1/2,C4
拗,12,12,8116,形容詞,自立,*,*,形容詞・アウオ段,ガル接続,拗い,クド,クド,2/2,C1
拡,1351,1351,12360,名詞,固有名詞,人名,名,*,*,拡,ヒロム,ヒロム,0/3,*
括,1351,1351,12928,名詞,固有名詞,人名,名,*,*,括,カツ,カツ,1/2,*
按,1345,1345,11420,名詞,一般,*,*,*,*,按,アン,アン,1/2,C3
挊,1345,1345,11709,名詞,一般,*,*,*,*,挊,カセギ,カセギ,1/3,C1
挻,1345,1345,10974,名詞,一般,*,*,*,*,挻,エン,エン,1/2,C3
捌,1355,1355,10126,名詞,数,*,*,*,*,捌,ハチ,ハチ,2/2,C3
捏,1345,1345,11779,名詞,一般,*,*,*,*,捏,ツクネ,ツクネ,0/3,C2
捕,1345,1345,11478,名詞,一般,*,*,*,*,捕,ホ,ホ,1/1,C3
捨,1345,1345,11536,名詞,一般,*,*,*,*,捨,シャ,シャ,1/1,*
捨,649,649,9550,動詞,自立,*,*,一段,未然形,捨る,ステ,ステ,0/2,C2
捨,652,652,9292,動詞,自立,*,*,一段,連用形,捨る,ステ,ステ,0/2,C2
捷,12,12,7394,形容詞,自立,*,*,形容詞・アウオ段,ガル接続,捷い,ハヤ,ハヤ,2/2,C1
授,1345,1345,12325,名詞,一般,*,*,*,*,授,ジュ,ジュ,1/1,C3
掘,1345,1345,11613,名詞,一般,*,*,*,*,掘,ホリ,ホリ,0/2,C3
探,1351,1351,12328,名詞,固有名詞,人名,名,*,*,探,モトム,モトム,0/3,*
揆,1345,1345,11342,名詞,一般,*,*,*,*,揆,キ,キ,1/1,C1
換,1345,1345,11971,名詞,一般,*,*,*,*,換,ガエ,ガエ,0/2,C3
搏,1345,1345,11288,名詞,一般,*,*,*,*,搏,パク,パク,1/2,C3
搗,1345,1345,11720,名詞,一般,*,*,*,*,搗,ツキ,ツキ,2/2,C3
搦,1345,1345,11817,名詞,一般,*,*,*,*,搦,カラミ,カラミ,3/3,C2
搾,649,649,9375,動詞,自立,*,*,一段,未然形,搾る,シメ,シメ,2/2,C1
搾,652,652,8035,動詞,自立,*,*,一段,連用形,搾る,シメ,シメ,2/2,C1
摂,1351,1351,12319,名詞,固有名詞,人名,名,*,*,摂,セツ,セツ,1/2,*
摧,1351,1351,12316,名詞,固有名詞,人名,名,*,*,摧,サイ,サイ,1/2,*
摯,1351,1351,12676,名詞,固有名詞,人名,名,*,*,摯,シ,シ,1/1,*
撰,790,790,7372,動詞,自立,*,*,五段・バ行,連用タ接続,撰ぶ,エラン,エラン,2/3,C1
擂,1345,1345,11779,名詞,一般,*,*,*,*,擂,スリコ,スリコ,3/3,C2
擅,1347,1347,11934,名詞,形容動詞語幹,*,*,*,*,擅,ホシイママ,ホシーママ,2/5,C1
擠,1345,1345,11240,名詞,一般,*,*,*,*,擠,セイ,セー,1/2,C1
支,1345,1345,11955,名詞,一般,*,*,*,*,支,エダ,エダ,0/2,C3
攵,1345,1345,11119,名詞,一般,*,*,*,*,攵,ノブン,ノブン,0/3,C2
敖,1351,1351,13171,名詞,固有名詞,人名,名,*,*,敖,コウ,コー,1/2,*
散,1350,1350,12183,名詞,固有名詞,人名,姓,*,*,散,サン,サン,1/2,*
敦,12,12,7664,形容詞,自立,*,*,形容詞・アウオ段,ガル接続,敦い,アツ,アツ,0/2,C2
数,1340,1340,8140,副詞,*,*,*,*,*,数,シバシ,シバシ,1/3,*
敲,1345,1345,11586,名詞,一般,*,*,*,*,敲,タタキ,タタキ,3/3,C2
數,1345,1345,11049,名詞,一般,*,*,*,*,數,スウ,スー,1/2,C3
斛,1360,1360,12010,名詞,接尾,助数詞,*,*,*,斛,コク,コク,1/2,C3
斬,1345,1345,11621,名詞,一般,*,*,*,*,斬,ザン,ザン,1/2,C3
斯,1340,1340,7515,副詞,*,*,*,*,*,斯,カク,カク,1/2,*
斯,1366,1366,10614,名詞,代名詞,一般,*,*,*,斯,ココ,ココ,0/2,*
於,1375,1375,10171,名詞,副詞可能,*,*,*,*,於,ウエ,ウエ,2/2,C4
施,1345,1345,11831,名詞,一般,*,*,*,*,施,セ,セ,1/1,C3
旌,1345,1345,12009,名詞,一般,*,*,*,*,旌,ハタ,ハタ,2/2,C3
无,1345,1345,11877,名詞,一般,*,*,*,*,无,ム,ム,1/1,C3
旺,1347,1347,11797,名詞,形容動詞語幹,*,*,*,*,旺,サカン,サカン,0/3,C2
明,12,12,8694,形容詞,自立,*,*,形容詞・アウオ段,ガル接続,明い,アカル,アカル,0/3,C2
昏,12,12,8377,形容詞,自立,*,*,形容詞・アウオ段,ガル接続,昏い,クラ,クラ,0/2,C2
昧,1351,1351,12152,名詞,固有名詞,人名,名,*,*,昧,マイ,マイ,1/2,*
昱,1351,1351,12704,名詞,固有名詞,人名,名,*,*,昱,イク,イク,1/2,*
時,1340,1340,8184,副詞,*,*,*,*,*,時,ヨリヨリ,ヨリヨリ,0/4,*
晉,1354,1354,11440,名詞,固有名詞,地域,国,*,*,晉,シン,シン,1/2,*
晏,12,12,8001,形容詞,自立,*,*,形容詞・アウオ段,ガル接続,晏い,オソ,オソ,0/2,C2
晏,1350,1350,12166,名詞,固有名詞,人名,姓,*,*,晏,アン,アン,1/2,*
晝,1375,1375,10539,名詞,副詞可能,*,*,*,*,晝,ヒル,ヒル,2/2,C3
晢,1351,1351,12355,名詞,固有名詞,人名,名,*,*,晢,テツ,テツ,1/2,*
晨,1375,1375,10140,名詞,副詞可能,*,*,*,*,晨,アサ,アサ,1/2,C3
暖,12,12,7897,形容詞,自立,*,*,形容詞・アウオ段,ガル接続,暖い,アタタカ,アタタカ,4/4,C1
暗,1345,1345,12196,名詞,一般,*,*,*,*,暗,アン,アン,1/2,C4
暫,1340,1340,7137,副詞,*,*,*,*,*,暫,シバラク,シバラク,2/4,*
暲,1351,1351,12738,名詞,固有名詞,人名,名,*,*,暲,アキラ,アキラ,1/3,*
暴,1345,1345,12011,名詞,一般,*,*,*,*,暴,ボウ,ボー,1/2,C3
曄,1351,1351,12738,名詞,固有名詞,人名,名,*,*,曄,アキラ,アキラ,1/3,*
曜,1345,1345,11868,名詞,一般,*,*,*,*,曜,ヨウ,ヨー,1/2,C3
曠,1351,1351,12519,名詞,固有名詞,人名,名,*,*,曠,ヒロシ,ヒロシ,1/3,*
曦,1353,1353,11667,名詞,固有名詞,地域,一般,*,*,曦,アサヒ,アサヒ,1/3,*
曩,1375,1375,11833,名詞,副詞可能,*,*,*,*,曩,サキ,サキ,0/2,C4
曰,1375,1375,10692,名詞,副詞可能,*,*,*,*,曰,イワク,イワク,0/3,C2
曲,649,649,9341,動詞,自立,*,*,一段,未然形,曲る,マゲ,マゲ,0/2,C2
曲,652,652,8494,動詞,自立,*,*,一段,連用形,曲る,マゲ,マゲ,0/2,C2
曷,1366,1366,9821,名詞,代名詞,一般,*,*,*,曷,ナン,ナン,1/2,*
曹,1345,1345,11749,名詞,一般,*,*,*,*,曹,ソウ,ソー,1/2,C3
曺,1350,1350,12064,名詞,固有名詞,人名,姓,*,*,曺,ソウ,ソー,1/2,*
曻,1351,1351,12299,名詞,固有名詞,人名,名,*,*,曻,ノボル,ノボル,0/3,*
曾,1350,1350,12064,名詞,固有名詞,人名,姓,*,*,曾,ソウ,ソー,1/2,*
最,1340,1340,8139,副詞,*,*,*,*,*,最,モットモ,モットモ,1/4,*
最,1345,1345,12354,名詞,一般,*,*,*,*,最,サイ,サイ,1/2,C3
會,1345,1345,11410,名詞,一般,*,*,*,*,會,カイ,カイ,1/2,C3
朖,1351,1351,12738,名詞,固有名詞,人名,名,*,*,朖,アキラ,アキラ,1/3,*
未,1340,1340,7653,副詞,*,*,*,*,*,未,マダ,マダ,1/2,*
朱,12,12,8432,形容詞,自立,*,*,形容詞・アウオ段,ガル接続,朱い,アカ,アカ,0/2,C2
朳,1345,1345,11774,名詞,一般,*,*,*,*,朳,エブリ,エブリ,0/3,C2
朽,1345,1345,11416,名詞,一般,*,*,*,*,朽,キュウ,キュー,1/2,C3
杦,1345,1345,11551,名詞,一般,*,*,*,*,杦,スギ,スギ,0/2,C4
杰,1351,1351,12114,名詞,固有名詞,人名,名,*,*,杰,マサル,マサル,0/3,*
杲,1351,1351,12669,名詞,固有名詞,人名,名,*,*,杲,タカシ,タカシ,1/3,*
杳,12,12,8377,形容詞,自立,*,*,形容詞・アウオ段,ガル接続,杳い,クラ,クラ,0/2,C2
杳,1347,1347,11050,名詞,形容動詞語幹,*,*,*,*,杳,ヨウ,ヨー,1/2,C3
枌,1360,1360,11964,名詞,接尾,助数詞,*,*,*,枌,ブ,ブ,0/1,C3
枯,649,649,9218,動詞,自立,*,*,一段,未然形,枯る,カレ,カレ,0/2,C2
枯,652,652,8212,動詞,自立,*,*,一段,連用形,枯る,カレ,カレ,0/2,C2
枲,1345,1345,11779,名詞,一般,*,*,*,*,枲,カラムシ,カラムシ,2/4,C1
枻,1345,1345,12002,名詞,一般,*,*,*,*,枻,カイ,カイ,1/2,C3
柝,1345,1345,11347,名詞,一般,*,*,*,*,柝,キ,キ,1/1,C3
柯,1345,1345,11748,名詞,一般,*,*,*,*,柯,カ,カ,1/1,C3
査,1345,1345,10724,名詞,一般,*,*,*,*,査,サ,サ,1/1,C3
栖,1345,1345,11635,名詞,一般,*,*,*,*,栖,スミカ,スミカ,1/3,C1
桅,1345,1345,11313,名詞,一般,*,*,*,*,桅,キ,キ,1/1,C3
桎,1345,1345,11780,名詞,一般,*,*,*,*,桎,アシカセ,アシカセ,0/4,C2
桓,1350,1350,12302,名詞,固有名詞,人名,姓,*,*,桓,カン,カン,1/2,*
桝,1345,1345,12151,名詞,一般,*,*,*,*,桝,マス,マス,2/2,C3
桴,1345,1345,11626,名詞,一般,*,*,*,*,桴,フ,フ,1/1,C3
梧,1345,1345,11779,名詞,一般,*,*,*,*,梧,アオギリ,アオギリ,0/4,C2
梭,1345,1345,11871,名詞,一般,*,*,*,*,梭,ヒ,ヒ,1/1,C3
械,1345,1345,11784,名詞,一般,*,*,*,*,械,アシカシ,アシカシ,0/4,C2
梲,1345,1345,11778,名詞,一般,*,*,*,*,梲,ウダツ,ウダツ,0/3,C2
梵,1350,1350,11956,名詞,固有名詞,人名,姓,*,*,梵,ソヨギ,ソヨギ,1/3,*
梻,1345,1345,11922,名詞,一般,*,*,*,*,梻,シキミ,シキミ,0/3,C2
棃,1345,1345,11728,名詞,一般,*,*,*,*,棃,スキ,スキ,0/2,C3
棊,1345,1345,11335,名詞,一般,*,*,*,*,棊,ゴ,ゴ,1/1,C3
棋,1345,1345,11337,名詞,一般,*,*,*,*,棋,キ,キ,1/1,C3
棣,1351,1351,12500,名詞,固有名詞,人名,名,*,*,棣,タイ,タイ,1/2,*
棧,1345,1345,11308,名詞,一般,*,*,*,*,棧,サン,サン,1/2,C5
椅,1345,1345,11508,名詞,一般,*,*,*,*,椅,ハシ,ハシ,2/2,C3
椨,1345,1345,11779,名詞,一般,*,*,*,*,椨,タブノキ,タブノキ,1/4,C1
楉,1345,1345,11779,名詞,一般,*,*,*,*,楉,シモト,シモト,0/3,C2
楊,1350,1350,11470,名詞,固有名詞,人名,姓,*,*,楊,ヨウ,ヨー,1/2,*
楣,1345,1345,11779,名詞,一般,*,*,*,*,楣,マグサ,マグサ,0/3,C2
楤,1345,1345,11984,名詞,一般,*,*,*,*,楤,タラ,タラ,1/2,C1
楨,1351,1351,11397,名詞,固有名詞,人名,名,*,*,楨,ミキ,ミキ,1/2,*
楷,1345,1345,11407,名詞,一般,*,*,*,*,楷,カイ,カイ,1/2,C3
楸,1345,1345,11779,名詞,一般,*,*,*,*,楸,ヒサギ,ヒサギ,0/3,C2
楹,1345,1345,11153,名詞,一般,*,*,*,*,楹,エイ,エー,1/2,C3
榀,1345,1345,12120,名詞,一般,*,*,*,*,榀,シナ,シナ,0/2,C3
榁,1345,1345,11886,名詞,一般,*,*,*,*,榁,ムロ,ムロ,1/2,*
榮,649,649,8648,動詞,自立,*,*,一段,未然形,榮る,サカエ,サカエ,3/3,C1
榮,652,652,7928,動詞,自立,*,*,一段,連用形,榮る,サカエ,サカエ,3/3,C1
榻,1345,1345,11758,名詞,一般,*,*,*,*,榻,トウ,トー,1/2,C3
槊,1345,1345,11294,名詞,一般,*,*,*,*,槊,サク,サク,1/2,C1
構,1345,1345,11948,名詞,一般,*,*,*,*,構,カマイ,カマイ,2/3,C1
槨,1345,1345,11187,名詞,一般,*,*,*,*,槨,カク,カク,1/2,C1
樂,1350,1350,12419,名詞,固有名詞,人名,姓,*,*,樂,ラク,ラク,1/2,*
樊,1350,1350,12512,名詞,固有名詞,人名,姓,*,*,樊,ハン,ハン,1/2,*
樓,1350,1350,12305,名詞,固有名詞,人名,姓,*,*,樓,ロウ,ロー,1/2,*
橅,1345,1345,11381,名詞,一般,*,*,*,*,橅,ブナ,ブナ,1/2,C3
橈,1345,1345,11729,名詞,一般,*,*,*,*,橈,カジ,カジ,1/2,C3
橛,1345,1345,11779,名詞,一般,*,*,*,*,橛,クサビ,クサビ,0/3,C2
橫,1345,1345,11172,名詞,一般,*,*,*,*,橫,ヨコ,ヨコ,0/2,C3
檍,1353,1353,11602,名詞,固有名詞,地域,一般,*,*,檍,アオキ,アオキ,0/3,*
檞,1345,1345,11907,名詞,一般,*,*,*,*,檞,カシワ,カシワ,0/3,C2
檣,1345,1345,11780,名詞,一般,*,*,*,*,檣,ホバシラ,ホバシラ,2/4,C1
權,1350,1350,11858,名詞,固有名詞,人名,姓,*,*,權,ケン,ケン,1/2,*
欛,1345,1345,11731,名詞,一般,*,*,*,*,欛,ツカ,ツカ,2/2,C3
欣,1351,1351,12879,名詞,固有名詞,人名,名,*,*,欣,キン,キン,1/2,*
欽,1351,1351,12441,名詞,固有名詞,人名,名,*,*,欽,キン,キン,1/2,*
款,1345,1345,11959,名詞,一般,*,*,*,*,款,カン,カン,1/2,C3
歎,1345,1345,11969,名詞,一般,*,*,*,*,歎,タン,タン,1/2,C3
歓,1345,1345,11972,名詞,一般,*,*,*,*,歓,カン,カン,1/2,C3
止,1340,1340,6976,副詞,*,*,*,*,*,止,タダ,タダ,1/2,*
此,1340,1340,7781,副詞,*,*,*,*,*,此,ト,ト,1/1,*
此,1366,1366,11555,名詞,代名詞,一般,*,*,*,此,コレ,コレ,0/2,*
此,1376,1376,5625,連体詞,*,*,*,*,*,此,コノ,コノ,0/2,*
歿,1345,1345,11519,名詞,一般,*,*,*,*,歿,ボツ,ボツ,1/2,C3
殃,1343,1343,11549,名詞,サ変接続,*,*,*,*,殃,ワザワイ,ワザワイ,0/4,C2
殆,1347,1347,11510,名詞,形容動詞語幹,*,*,*,*,殆,ホドホド,ホドホド,0/4,C2
殖,1351,1351,12260,名詞,固有名詞,人名,名,*,*,殖,ショク,ショク,1/2,*
殯,1343,1343,11323,名詞,サ変接続,*,*,*,*,殯,アガリ,アガリ,0/3,C2
殱,1345,1345,12179,名詞,一般,*,*,*,*,殱,セン,セン,1/2,C3
殲,1345,1345,12179,名詞,一般,*,*,*,*,殲,セン,セン,1/2,C3
殳,1345,1345,11780,名詞,一般,*,*,*,*,殳,ルマタ,ルマタ,0/3,C2
毅,12,12,7470,形容詞,自立,*,*,形容詞・アウオ段,ガル接続,毅い,ツヨ,ツヨ,2/2,C1
毫,1345,1345,11785,名詞,一般,*,*,*,*,毫,フンデ,フンデ,0/3,C2
氈,1345,1345,11995,名詞,一般,*,*,*,*,氈,カモ,カモ,1/2,C3
氐,1345,1345,12048,名詞,一般,*,*,*,*,氐,テイ,テー,1/2,C3
氓,1345,1345,11931,名詞,一般,*,*,*,*,氓,ボウ,ボー,1/2,C3
氣,1345,1345,10816,名詞,一般,*,*,*,*,氣,キ,キ,0/1,C3
氵,1345,1345,11340,名詞,一般,*,*,*,*,氵,サンズイ,サンズイ,0/4,C2
汎,12,12,8088,形容詞,自立,*,*,形容詞・アウオ段,ガル接続,汎い,ヒロ,ヒロ,2/2,C1
汞,1345,1345,11682,名詞,一般,*,*,*,*,汞,コウ,コー,1/2,C3
汲,1353,1353,11949,名詞,固有名詞,地域,一般,*,*,汲,キュウ,キュー,1/2,*
汳,1345,1345,10775,名詞,一般,*,*,*,*,汳,ヘン,ヘン,0/2,C3
汽,1345,1345,11328,名詞,一般,*,*,*,*,汽,キ,キ,1/1,C3
沈,1345,1345,11298,名詞,一般,*,*,*,*,沈,チン,チン,1/2,C3
沒,1345,1345,11519,名詞,一般,*,*,*,*,沒,ボツ,ボツ,1/2,C3
沛,1353,1353,11836,名詞,固有名詞,地域,一般,*,*,沛,ハイ,ハイ,1/2,*
況,1345,1345,11956,名詞,一般,*,*,*,*,況,キョウ,キョー,1/2,C3
泄,1345,1345,11485,名詞,一般,*,*,*,*,泄,セツ,セツ,1/2,C3
泓,1353,1353,11785,名詞,固有名詞,地域,一般,*,*,泓,オウ,オー,1/2,*
泛,1345,1345,11878,名詞,一般,*,*,*,*,泛,アダ,アダ,2/2,C1
泣,1345,1345,11762,名詞,一般,*,*,*,*,泣,ナキ,ナキ,0/2,C4
浄,12,12,8369,形容詞,自立,*,*,形容詞・アウオ段,ガル接続,浄い,キヨ,キヨ,2/2,C1
浅,1349,1349,11969,名詞,固有名詞,人名,一般,*,*,浅,アサ,アサ,1/2,*
浮,1345,1345,12179,名詞,一般,*,*,*,*,浮,ウキ,ウキ,0/2,C3
涂,1350,1350,12412,名詞,固有名詞,人名,姓,*,*,涂,ト,ト,1/1,*
涅,1350,1350,11955,名詞,固有名詞,人名,姓,*,*,涅,クロツチ,クロツチ,2/4,*
涌,1345,1345,11615,名詞,一般,*,*,*,*,涌,ユウ,ユー,1/2,C1
涓,1345,1345,11779,名詞,一般,*,*,*,*,涓,タマリミズ,タマリミズ,3/5,C1
涕,1343,1343,10770,名詞,サ変接続,*,*,*,*,涕,ナミダ,ナミダ,1/3,C1
涛,1351,1351,12845,名詞,固有名詞,人名,名,*,*,涛,トウ,トー,1/2,*
涯,1345,1345,12537,名詞,一般,*,*,*,*,涯,ハテ,ハテ,2/2,C4
涸,1345,1345,11555,名詞,一般,*,*,*,*,涸,カレ,カレ,0/2,C4
淚,1343,1343,10770,名詞,サ変接続,*,*,*,*,淚,ナミダ,ナミダ,1/3,C1
混,1345,1345,12093,名詞,一般,*,*,*,*,混,コン,コン,1/2,C3
淺,12,12,8199,形容詞,自立,*,*,形容詞・アウオ段,ガル接続,淺い,アサ,アサ,0/2,C2
渇,1345,1345,11832,名詞,一般,*,*,*,*,渇,カツ,カツ,1/2,C3
測,1345,1345,11819,名詞,一般,*,*,*,*,測,ソク,ソク,1/2,C3
渾,1350,1350,12943,名詞,固有名詞,人名,姓,*,*,渾,コン,コン,1/2,*
湘,1353,1353,12203,名詞,固有名詞,地域,一般,*,*,湘,ショウ,ショー,1/2,*
湿,1345,1345,11418,名詞,一般,*,*,*,*,湿,シツ,シツ,1/2,C3
溟,12,12,8377,形容詞,自立,*,*,形容詞・アウオ段,ガル接続,溟い,クラ,クラ,0/2,C2
溥,1351,1351,12519,名詞,固有名詞,人名,名,*,*,溥,ヒロシ,ヒロシ,1/3,*
滁,1353,1353,11822,名詞,固有名詞,地域,一般,*,*,滁,ジョ,ジョ,1/1,*
滇,1354,1354,11182,名詞,固有名詞,地域,国,*,*,滇,テン,テン,1/2,*
滕,1354,1354,11302,名詞,固有名詞,地域,国,*,*,滕,トウ,トー,1/2,*
滬,1353,1353,11719,名詞,固有名詞,地域,一般,*,*,滬,コ,コ,1/1,*
滲,649,649,8424,動詞,自立,*,*,一段,未然形,滲る,シミ,シミ,0/2,C2
滲,652,652,7919,動詞,自立,*,*,一段,連用形,滲る,シミ,シミ,0/2,C2
滸,1345,1345,12491,名詞,一般,*,*,*,*,滸,ホトリ,ホトリ,0/3,C2
漉,1345,1345,12029,名詞,一般,*,*,*,*,漉,コシ,コシ,0/2,C4
漏,1345,1345,11775,名詞,一般,*,*,*,*,漏,ロウ,ロー,1/2,C3
漚,1345,1345,11518,名詞,一般,*,*,*,*,漚,アワ,アワ,2/2,C3
潙,1345,1345,11964,名詞,一般,*,*,*,*,潙,イ,イ,1/1,C3
潭,12,12,7588,形容詞,自立,*,*,形容詞・アウオ段,ガル接続,潭い,フカ,フカ,2/2,C1
潭,1350,1350,12406,名詞,固有名詞,人名,姓,*,*,潭,タン,タン,1/2,*
澁,12,12,8223,形容詞,自立,*,*,形容詞・アウオ段,ガル接続,澁い,シブ,シブ,2/2,C1
澈,1351,1351,12453,名詞,固有名詞,人名,名,*,*,澈,トオル,トール,0/3,*
澗,1345,1345,11958,名詞,一般,*,*,*,*,澗,カン,カン,1/2,C3
澳,1345,1345,11440,名詞,一般,*,*,*,*,澳,オキ,オキ,0/2,C4
澹,1347,1347,11441,名詞,形容動詞語幹,*,*,*,*,澹,タン,タン,1/2,C3
濁,1345,1345,11580,名詞,一般,*,*,*,*,濁,ジョク,ジョク,0/2,C3
濊,1353,1353,11948,名詞,固有名詞,地域,一般,*,*,濊,ワイ,ワイ,1/2,*
濫,1347,1347,11924,名詞,形容動詞語幹,*,*,*,*,濫,ミダリ,ミダリ,1/3,C1
濯,1351,1351,12057,名詞,固有名詞,人名,名,*,*,濯,タク,タク,1/2,*
濶,1345,1345,12166,名詞,一般,*,*,*,*,濶,ヒロ,ヒロ,0/2,C3
瀆,1345,1345,11779,名詞,一般,*,*,*,*,瀆,ウナテ,ウナテ,1/3,C1
瀉,1345,1345,11491,名詞,一般,*,*,*,*,瀉,シャ,シャ,1/1,C3
瀑,1345,1345,11715,名詞,一般,*,*,*,*,瀑,バク,バク,1/2,C3
瀝,1345,1345,11459,名詞,一般,*,*,*,*,瀝,レキ,レキ,1/2,C1
瀾,1345,1345,11358,名詞,一般,*,*,*,*,瀾,ナミ,ナミ,2/2,C3
灌,1345,1345,11959,名詞,一般,*,*,*,*,灌,カン,カン,1/2,C3
灼,1347,1347,12077,名詞,形容動詞語幹,*,*,*,*,灼,アラタ,アラタ,1/3,C1
炕,1345,1345,11682,名詞,一般,*,*,*,*,炕,コウ,コー,1/2,C3
炬,1345,1345,11369,名詞,一般,*,*,*,*,炬,キョ,キョ,1/1,C3
炯,1347,1347,11311,名詞,形容動詞語幹,*,*,*,*,炯,ケイ,ケー,1/2,C3
烝,1351,1351,12156,名詞,固有名詞,人名,名,*,*,烝,ススム,ススム,0/3,*
烹,649,649,9396,動詞,自立,*,*,一段,未然形,烹る,ニ,ニ,0/1,C4
烹,652,652,8521,動詞,自立,*,*,一段,連用形,烹る,ニ,ニ,0/1,C4
焚,1351,1351,12237,名詞,固有名詞,人名,名,*,*,焚,フン,フン,1/2,*
焦,1350,1350,12772,名詞,固有名詞,人名,姓,*,*,焦,ショウ,ショー,1/2,*
焰,1345,1345,11625,名詞,一般,*,*,*,*,焰,ホノオ,ホノー,2/3,C1
焱,1345,1345,11625,名詞,一般,*,*,*,*,焱,ホノオ,ホノー,2/3,C1
然,1345,1345,11473,名詞,一般,*,*,*,*,然,サマ,サマ,2/2,C3
煇,1351,1351,12738,名詞,固有名詞,人名,名,*,*,煇,アキラ,アキラ,1/3,*
煌,1345,1345,11682,名詞,一般,*,*,*,*,煌,コウ,コー,1/2,C3
煥,1351,1351,12693,名詞,固有名詞,人名,名,*,*,煥,カン,カン,1/2,*
熙,1351,1351,12742,名詞,固有名詞,人名,名,*,*,熙,アキラ,アキラ,1/3,*
熹,1351,1351,12500,名詞,固有名詞,人名,名,*,*,熹,キ,キ,1/1,*
燃,1351,1351,12224,名詞,固有名詞,人名,名,*,*,燃,ネン,ネン,1/2,*
燄,1345,1345,11625,名詞,一般,*,*,*,*,燄,ホノオ,ホノー,2/3,C1
燈,1345,1345,10532,名詞,一般,*,*,*,*,燈,アカリ,アカリ,0/3,C2
燎,1345,1345,11779,名詞,一般,*,*,*,*,燎,ニワビ,ニワビ,0/3,C2
燦,1347,1347,11149,名詞,形容動詞語幹,*,*,*,*,燦,サン,サン,1/2,C3
爛,1347,1347,11366,名詞,形容動詞語幹,*,*,*,*,爛,ラン,ラン,1/2,C3
爨,1350,1350,12170,名詞,固有名詞,人名,姓,*,*,爨,サン,サン,1/2,*
爰,1366,1366,10614,名詞,代名詞,一般,*,*,*,爰,ココ,ココ,0/2,*
爲,1375,1375,9936,名詞,副詞可能,*,*,*,*,爲,タメ,タメ,2/2,C3
爵,1345,1345,11572,名詞,一般,*,*,*,*,爵,シャク,シャク,1/2,C3
爻,1345,1345,11682,名詞,一般,*,*,*,*,爻,コウ,コー,1/2,C3
爽,1351,1351,12528,名詞,固有名詞,人名,名,*,*,爽,ソウ,ソー,1/2,*
牋,1345,1345,12197,名詞,一般,*,*,*,*,牋,セン,セン,1/2,C3
牒,1345,1345,11779,名詞,一般,*,*,*,*,牒,ウルシヌリ,ウルシヌリ,0/5,C2
牖,1345,1345,11621,名詞,一般,*,*,*,*,牖,マド,マド,1/2,C3
牟,1350,1350,12196,名詞,固有名詞,人名,姓,*,*,牟,ム,ム,1/1,*
牲,1345,1345,11980,名詞,一般,*,*,*,*,牲,ニエ,ニエ,2/2,C3
犢,1345,1345,11332,名詞,一般,*,*,*,*,犢,ウシ,ウシ,0/2,C3
狄,1348,1348,10994,名詞,固有名詞,一般,*,*,*,狄,テキ,テキ,1/2,*
狙,1345,1345,11114,名詞,一般,*,*,*,*,狙,ネライ,ネライ,0/3,C2
猛,12,12,7677,形容詞,自立,*,*,形容詞・アウオ段,ガル接続,猛い,ツヨ,ツヨ,2/2,C1
猝,1347,1347,11909,名詞,形容動詞語幹,*,*,*,*,猝,ニワカ,ニワカ,1/3,C1
猥,1347,1347,11924,名詞,形容動詞語幹,*,*,*,*,猥,ミダリ,ミダリ,1/3,C1
猨,1345,1345,11278,名詞,一般,*,*,*,*,猨,サル,サル,1/2,C3
猴,1345,1345,11278,名詞,一般,*,*,*,*,猴,サル,サル,1/2,C3
猶,580,580,6688,接続詞,*,*,*,*,*,猶,ナオ,ナオ,1/2,*
猷,1351,1351,12563,名詞,固有名詞,人名,名,*,*,猷,ユウ,ユー,1/2,*
猹,1345,1345,10515,名詞,一般,*,*,*,*,猹,チャー,チャー,1/2,C3
珊,1360,1360,10685,名詞,接尾,助数詞,*,*,*,珊,サンチ,サンチ,1/3,C1
珪,1351,1351,12749,名詞,固有名詞,人名,名,*,*,珪,ケイ,ケー,1/2,*
琅,1354,1354,11329,名詞,固有名詞,地域,国,*,*,琅,ロウ,ロー,1/2,*
琰,1351,1351,12567,名詞,固有名詞,人名,名,*,*,琰,エン,エン,1/2,*
琳,1351,1351,12854,名詞,固有名詞,人名,名,*,*,琳,リン,リン,1/2,*
瑗,1351,1351,12567,名詞,固有名詞,人名,名,*,*,瑗,エン,エン,1/2,*
瑜,1351,1351,12456,名詞,固有名詞,人名,名,*,*,瑜,ユ,ユ,1/1,*
瑟,1345,1345,11344,名詞,一般,*,*,*,*,瑟,シツ,シツ,2/2,C3
瑤,1345,1345,11478,名詞,一般,*,*,*,*,瑤,ヨウ,ヨー,1/2,C3
瑰,1345,1345,11407,名詞,一般,*,*,*,*,瑰,カイ,カイ,1/2,C3
瑾,1351,1351,12876,名詞,固有名詞,人名,名,*,*,瑾,キン,キン,1/2,*
璜,1351,1351,13171,名詞,固有名詞,人名,名,*,*,璜,コウ,コー,1/2,*
璞,1345,1345,11340,名詞,一般,*,*,*,*,璞,ハク,ハク,1/2,C3
璣,1351,1351,12057,名詞,固有名詞,人名,名,*,*,璣,タマキ,タマキ,1/3,*
璽,1345,1345,12062,名詞,一般,*,*,*,*,璽,ジ,ジ,1/1,C3
瓊,1345,1345,12017,名詞,一般,*,*,*,*,瓊,ケイ,ケー,1/2,C3
瓚,1351,1351,12642,名詞,固有名詞,人名,名,*,*,瓚,サン,サン,1/2,*
瓣,1345,1345,11526,名詞,一般,*,*,*,*,瓣,ベン,ベン,1/2,C4
瓩,1360,1360,10696,名詞,接尾,助数詞,*,*,*,瓩,キログラム,キログラム,3/5,C1
瓫,1345,1345,11872,名詞,一般,*,*,*,*,瓫,ヒラカ,ヒラカ,0/3,C2
瓱,1360,1360,10732,名詞,接尾,助数詞,*,*,*,瓱,ミリグラム,ミリグラム,3/5,C1
瓲,1360,1360,11685,名詞,接尾,助数詞,*,*,*,瓲,トン,トン,1/2,C3
甎,1345,1345,12197,名詞,一般,*,*,*,*,甎,セン,セン,1/2,C3
甗,1345,1345,12140,名詞,一般,*,*,*,*,甗,ゲン,ゲン,1/2,C3
甘,1350,1350,12349,名詞,固有名詞,人名,姓,*,*,甘,カン,カン,1/2,*
甚,1340,1340,7972,副詞,*,*,*,*,*,甚,イト,イト,1/2,*
甚,1349,1349,13420,名詞,固有名詞,人名,一般,*,*,甚,ジン,ジン,1/2,*
産,799,799,9658,動詞,自立,*,*,五段・マ行,連用タ接続,産む,ウン,ウン,0/2,C4
畜,1345,1345,11489,名詞,一般,*,*,*,*,畜,チク,チク,1/2,C3
畢,1350,1350,12010,名詞,固有名詞,人名,姓,*,*,畢,ヒツ,ヒツ,1/2,*
畧,1345,1345,11065,名詞,一般,*,*,*,*,畧,リャク,リャク,1/2,C3
畫,1345,1345,11701,名詞,一般,*,*,*,*,畫,エ,エ,1/1,C3
畿,1345,1345,11733,名詞,一般,*,*,*,*,畿,キ,キ,1/1,C3
疊,1360,1360,11964,名詞,接尾,助数詞,*,*,*,疊,ジョウ,ジョー,1/2,C3
疎,1347,1347,10558,名詞,形容動詞語幹,*,*,*,*,疎,ソ,ソ,1/1,C3
疏,1345,1345,11345,名詞,一般,*,*,*,*,疏,ショ,ショ,1/1,C1
疫,1345,1345,11314,名詞,一般,*,*,*,*,疫,エキ,エキ,1/2,C3
疽,1345,1345,11414,名詞,一般,*,*,*,*,疽,ソ,ソ,1/1,C3
疾,12,12,7368,形容詞,自立,*,*,形容詞・アウオ段,ガル接続,疾い,ハヤ,ハヤ,2/2,C1
疾,1345,1345,11410,名詞,一般,*,*,*,*,疾,シツ,シツ,1/2,C1
痍,1345,1345,11779,名詞,一般,*,*,*,*,痍,イタデ,イタデ,0/3,C2
痞,1345,1345,12078,名詞,一般,*,*,*,*,痞,ツカエ,ツカエ,3/3,C2
痢,1345,1345,11956,名詞,一般,*,*,*,*,痢,リ,リ,1/1,C3
痩,1345,1345,11444,名詞,一般,*,*,*,*,痩,ヤセ,ヤセ,0/2,C2
痴,1347,1347,12252,名詞,形容動詞語幹,*,*,*,*,痴,オロカ,オロカ,1/3,C1
痾,1345,1345,11867,名詞,一般,*,*,*,*,痾,ア,ア,1/1,C3
瘂,1345,1345,11858,名詞,一般,*,*,*,*,瘂,オウシ,オーシ,0/3,C2
瘦,1345,1345,11432,名詞,一般,*,*,*,*,瘦,ヤセ,ヤセ,0/2,C2
瘳,1350,1350,12144,名詞,固有名詞,人名,姓,*,*,瘳,リョウ,リョー,1/2,*
癒,649,649,9115,動詞,自立,*,*,一段,未然形,癒る,イエ,イエ,2/2,C1
癒,652,652,8281,動詞,自立,*,*,一段,連用形,癒る,イエ,イエ,2/2,C1
癡,1347,1347,11112,名詞,形容動詞語幹,*,*,*,*,癡,チ,チ,1/1,C3
癭,1345,1345,11999,名詞,一般,*,*,*,*,癭,コブ,コブ,2/2,C3
皃,1345,1345,11124,名詞,一般,*,*,*,*,皃,カオ,カオ,0/2,C3
皎,12,12,8319,形容詞,自立,*,*,形容詞・アウオ段,ガル接続,皎い,シロ,シロ,2/2,C1
皓,12,12,8319,形容詞,自立,*,*,形容詞・アウオ段,ガル接続,皓い,シロ,シロ,2/2,C1
皖,1353,1353,11945,名詞,固有名詞,地域,一般,*,*,皖,カン,カン,1/2,*
皰,1345,1345,11678,名詞,一般,*,*,*,*,皰,ニキビ,ニキビ,1/3,C1
益,1340,1340,7592,副詞,*,*,*,*,*,益,マスマス,マスマス,2/4,*
盍,1366,1366,9821,名詞,代名詞,一般,*,*,*,盍,ナン,ナン,1/2,*
盔,1345,1345,11922,名詞,一般,*,*,*,*,盔,カブト,カブト,1/3,C1
盖,1350,1350,12402,名詞,固有名詞,人名,姓,*,*,盖,ガイ,ガイ,1/2,*
盞,1345,1345,11477,名詞,一般,*,*,*,*,盞,サン,サン,1/2,C3
監,1345,1345,12017,名詞,一般,*,*,*,*,監,カン,カン,1/2,C3
盲,649,649,8877,動詞,自立,*,*,一段,未然形,盲る,メシイ,メシー,2/3,C1
盲,652,652,8942,動詞,自立,*,*,一段,連用形,盲る,メシイ,メシー,2/3,C1
眥,1345,1345,11775,名詞,一般,*,*,*,*,眥,メジリ,メジリ,1/3,C1
眶,1345,1345,11768,名詞,一般,*,*,*,*,眶,マブシ,マブシ,1/3,C1
睛,1345,1345,11179,名詞,一般,*,*,*,*,睛,ヒトミ,ヒトミ,0/3,C2
睡,12,12,8122,形容詞,自立,*,*,形容詞・アウオ段,ガル接続,睡い,ネム,ネム,0/2,C2
睿,1345,1345,11153,名詞,一般,*,*,*,*,睿,エイ,エー,1/2,C3
瞋,1345,1345,11906,名詞,一般,*,*,*,*,瞋,シン,シン,1/2,C3
瞑,12,12,8377,形容詞,自立,*,*,形容詞・アウオ段,ガル接続,瞑い,クラ,クラ,0/2,C2
瞥,1375,1375,11133,名詞,副詞可能,*,*,*,*,瞥,ヒトメ,ヒトメ,2/3,C1
瞽,1345,1345,11510,名詞,一般,*,*,*,*,瞽,コ,コ,1/1,C3
瞿,1350,1350,12513,名詞,固有名詞,人名,姓,*,*,瞿,ク,ク,1/1,*
破,1345,1345,10469,名詞,一般,*,*,*,*,破,ハ,ハ,1/1,C3
硎,1345,1345,12017,名詞,一般,*,*,*,*,硎,ケイ,ケー,1/2,C3
碕,1345,1345,11364,名詞,一般,*,*,*,*,碕,ミサキ,ミサキ,0/3,C2
碣,1345,1345,11576,名詞,一般,*,*,*,*,碣,ケツ,ケツ,1/2,C3
碧,12,12,8328,形容詞,自立,*,*,形容詞・アウオ段,ガル接続,碧い,アオ,アオ,2/2,C1
碪,1345,1345,11779,名詞,一般,*,*,*,*,碪,キヌタ,キヌタ,1/3,C1
確,12,12,7441,形容詞,自立,*,*,形容詞・アウオ段,ガル接続,確い,カタ,カタ,0/2,C2
確,1347,1347,12064,名詞,形容動詞語幹,*,*,*,*,確,カク,カク,1/2,C3
磁,1345,1345,12064,名詞,一般,*,*,*,*,磁,ジ,ジ,1/1,C1
磅,1360,1360,10756,名詞,接尾,助数詞,*,*,*,磅,ポンド,ポンド,1/3,C1
磔,649,649,8733,動詞,自立,*,*,一段,未然形,磔る,ハリツケ,ハリツケ,4/4,C1
磔,652,652,7836,動詞,自立,*,*,一段,連用形,磔る,ハリツケ,ハリツケ,4/4,C1
磚,1345,1345,11114,名詞,一般,*,*,*,*,磚,シキガワラ,シキガワラ,3/5,C1
磯,12,12,8216,形容詞,自立,*,*,形容詞・アウオ段,ガル接続,磯い,イソ,イソ,2/2,C1
磴,1345,1345,11577,名詞,一般,*,*,*,*,磴,ハシ,ハシ,0/2,C3
礁,1345,1345,12088,名詞,一般,*,*,*,*,礁,ショウ,ショー,1/2,C3
礦,1345,1345,11683,名詞,一般,*,*,*,*,礦,コウ,コー,1/2,C3
示,1350,1350,11937,名詞,固有名詞,人名,姓,*,*,示,シメ,シメ,0/2,*
祇,1345,1345,12166,名詞,一般,*,*,*,*,祇,ギ,ギ,1/1,C3
祚,1345,1345,11414,名詞,一般,*,*,*,*,祚,ソ,ソ,1/1,C1
祜,1340,1340,7594,副詞,*,*,*,*,*,祜,サイワイ,サイワイ,0/4,*
祺,1350,1350,12209,名詞,固有名詞,人名,姓,*,*,祺,キ,キ,1/1,*
祿,1345,1345,11142,名詞,一般,*,*,*,*,祿,ロク,ロク,1/2,C3
禮,1345,1345,11118,名詞,一般,*,*,*,*,禮,レイ,レー,1/2,C3
禱,1350,1350,11953,名詞,固有名詞,人名,姓,*,*,禱,イノリ,イノリ,1/3,*
禹,1349,1349,12322,名詞,固有名詞,人名,一般,*,*,禹,ウ,ウ,1/1,*
禾,1345,1345,11756,名詞,一般,*,*,*,*,禾,ノギ,ノギ,0/2,C3
秊,1360,1360,11090,名詞,接尾,助数詞,*,*,*,秊,ネン,ネン,1/2,C3
租,1345,1345,11414,名詞,一般,*,*,*,*,租,ソ,ソ,1/1,C1
秡,1345,1345,11775,名詞,一般,*,*,*,*,秡,ハラエ,ハラエ,2/3,C1
秧,1345,1345,12186,名詞,一般,*,*,*,*,秧,オウ,オー,1/2,C3
稈,1345,1345,11958,名詞,一般,*,*,*,*,稈,カン,カン,1/2,C3
種,649,649,10506,動詞,自立,*,*,一段,未然形,種る,ウエ,ウエ,0/2,C2
種,652,652,10151,動詞,自立,*,*,一段,連用形,種る,ウエ,ウエ,0/2,C2
穎,1345,1345,11153,名詞,一般,*,*,*,*,穎,エイ,エー,1/2,C3
穏,1347,1347,11930,名詞,形容動詞語幹,*,*,*,*,穏,オダヤカ,オダヤカ,2/4,C1
穡,1345,1345,11230,名詞,一般,*,*,*,*,穡,ショク,ショク,1/2,C1
穽,1345,1345,11802,名詞,一般,*,*,*,*,穽,ワナ,ワナ,1/2,C3
突,1340,1340,7522,副詞,*,*,*,*,*,突,ツツ,ツツ,2/2,*
突,1345,1345,11418,名詞,一般,*,*,*,*,突,ツキ,ツキ,0/2,C4
窃,1353,1353,11604,名詞,固有名詞,地域,一般,*,*,窃,ヒソ,ヒソ,1/2,*
窄,12,12,8205,形容詞,自立,*,*,形容詞・アウオ段,ガル接続,窄い,スボ,スボ,2/2,C1
窟,1345,1345,11815,名詞,一般,*,*,*,*,窟,イワヤ,イワヤ,0/3,C2
竅,1345,1345,10940,名詞,一般,*,*,*,*,竅,アナ,アナ,2/2,C4
立,649,649,8764,動詞,自立,*,*,一段,未然形,立る,タテ,タテ,2/2,C1
立,652,652,8497,動詞,自立,*,*,一段,連用形,立る,タテ,タテ,2/2,C1
竝,1345,1345,11126,名詞,一般,*,*,*,*,竝,ナミ,ナミ,0/2,C4
竭,1351,1351,12493,名詞,固有名詞,人名,名,*,*,竭,ケツ,ケツ,1/2,*
竺,1350,1350,11825,名詞,固有名詞,人名,姓,*,*,竺,ジク,ジク,1/2,*
笄,1345,1345,11359,名詞,一般,*,*,*,*,笄,コウガイ,コーガイ,0/4,C2
第,1345,1345,12639,名詞,一般,*,*,*,*,第,ダイ,ダイ,1/2,C3
筌,1345,1345,11768,名詞,一般,*,*,*,*,筌,ウケ,ウケ,2/2,C4
筑,1345,1345,11454,名詞,一般,*,*,*,*,筑,チク,チク,1/2,C3
筝,1345,1345,11747,名詞,一般,*,*,*,*,筝,ソウ,ソー,1/2,C3
筥,1345,1345,11048,名詞,一般,*,*,*,*,筥,バコ,バコ,0/2,C3
筩,1345,1345,11498,名詞,一般,*,*,*,*,筩,ツツ,ツツ,2/2,C3
筺,1345,1345,11048,名詞,一般,*,*,*,*,筺,バコ,バコ,0/2,C3
箋,1345,1345,12197,名詞,一般,*,*,*,*,箋,セン,セン,1/2,C3
篆,1345,1345,11391,名詞,一般,*,*,*,*,篆,テン,テン,1/2,C3
篋,1345,1345,11779,名詞,一般,*,*,*,*,篋,アマハコ,アマハコ,0/4,*
篙,1345,1345,11682,名詞,一般,*,*,*,*,篙,コウ,コー,1/2,C3
簁,1345,1345,11498,名詞,一般,*,*,*,*,簁,トオシ,トーシ,3/3,C2
簇,1345,1345,11978,名詞,一般,*,*,*,*,簇,ゾク,ゾク,1/2,C3
簋,1345,1345,11313,名詞,一般,*,*,*,*,簋,キ,キ,1/1,C3
簡,1347,1347,11436,名詞,形容動詞語幹,*,*,*,*,簡,カン,カン,1/2,C3
簳,1345,1345,11779,名詞,一般,*,*,*,*,簳,ヤガラ,ヤガラ,0/3,C2
簷,1345,1345,11900,名詞,一般,*,*,*,*,簷,ノキ,ノキ,0/2,C3
籔,1345,1345,11432,名詞,一般,*,*,*,*,籔,ヤブ,ヤブ,0/2,C3
籮,1345,1345,11874,名詞,一般,*,*,*,*,籮,シタミ,シタミ,0/3,C2
籵,1360,1360,10771,名詞,接尾,助数詞,*,*,*,籵,デカメートル,デカメートル,3/6,C1
粂,1350,1350,11929,名詞,固有名詞,人名,姓,*,*,粂,クメ,クメ,0/2,*
粘,1350,1350,11893,名詞,固有名詞,人名,姓,*,*,粘,ネン,ネン,1/2,*
粛,1347,1347,11320,名詞,形容動詞語幹,*,*,*,*,粛,シュク,シュク,1/2,C3
粤,1366,1366,10614,名詞,代名詞,一般,*,*,*,粤,ココ,ココ,0/2,*
粮,1345,1345,11726,名詞,一般,*,*,*,*,粮,カテ,カテ,1/2,C3
粹,1347,1347,10724,名詞,形容動詞語幹,*,*,*,*,粹,イキ,イキ,0/2,C3
糄,1345,1345,11229,名詞,一般,*,*,*,*,糄,ヒメ,ヒメ,1/2,C3
糅,649,649,8589,動詞,自立,*,*,一段,未然形,糅る,カテ,カテ,2/2,C1
糅,652,652,8121,動詞,自立,*,*,一段,連用形,糅る,カテ,カテ,2/2,C1
糕,1345,1345,11682,名詞,一般,*,*,*,*,糕,コウ,コー,1/2,C3
糜,1350,1350,12122,名詞,固有名詞,人名,姓,*,*,糜,ビ,ビ,1/1,*
糾,1351,1351,12845,名詞,固有名詞,人名,名,*,*,糾,キュウ,キュー,1/2,*
紂,1349,1349,12232,名詞,固有名詞,人名,一般,*,*,紂,チュウ,チュー,1/2,*
約,1345,1345,13799,名詞,一般,*,*,*,*,約,ヤク,ヤク,1/2,C3
紒,1345,1345,11759,名詞,一般,*,*,*,*,紒,マゲ,マゲ,0/2,C3
紡,1345,1345,11934,名詞,一般,*,*,*,*,紡,ボウ,ボー,1/2,C3
紵,1343,1343,11203,名詞,サ変接続,*,*,*,*,紵,テヅクリ,テズクリ,2/4,C1
紹,1351,1351,13173,名詞,固有名詞,人名,名,*,*,紹,ショウ,ショー,1/2,*
絁,1345,1345,11779,名詞,一般,*,*,*,*,絁,アシギヌ,アシギヌ,3/4,C1
絃,1345,1345,11851,名詞,一般,*,*,*,*,絃,ゲン,ゲン,1/2,C3
絅,1345,1345,12017,名詞,一般,*,*,*,*,絅,ケイ,ケー,1/2,C3
絓,1350,1350,12351,名詞,固有名詞,人名,姓,*,*,絓,スガ,スガ,0/2,*
絞,1345,1345,12091,名詞,一般,*,*,*,*,絞,シボリ,シボリ,3/3,C2
絡,1345,1345,11557,名詞,一般,*,*,*,*,絡,ラク,ラク,0/2,C3
絲,1345,1345,11799,名詞,一般,*,*,*,*,絲,イト,イト,1/2,C4
絳,1353,1353,12042,名詞,固有名詞,地域,一般,*,*,絳,コウ,コー,1/2,*
綏,1345,1345,11463,名詞,一般,*,*,*,*,綏,スイ,スイ,1/2,C3
經,649,649,8636,動詞,自立,*,*,一段,未然形,經る,ヘ,ヘ,1/1,C1
經,652,652,8201,動詞,自立,*,*,一段,連用形,經る,ヘ,ヘ,1/1,C1
続,1350,1350,11903,名詞,固有名詞,人名,姓,*,*,続,ツヅキ,ツズキ,1/3,*
綠,1345,1345,11049,名詞,一般,*,*,*,*,綠,ミドリ,ミドリ,1/3,C1
綬,1345,1345,12099,名詞,一般,*,*,*,*,綬,ジュ,ジュ,1/1,C3
維,1351,1351,12292,名詞,固有名詞,人名,名,*,*,維,タモツ,タモツ,0/3,*
綵,1345,1345,11779,名詞,一般,*,*,*,*,綵,アヤギヌ,アヤギヌ,3/4,C1
綻,1345,1345,11584,名詞,一般,*,*,*,*,綻,ホコロビ,ホコロビ,0/4,C2
綽,1351,1351,12519,名詞,固有名詞,人名,名,*,*,綽,ヒロシ,ヒロシ,1/3,*
緇,1345,1345,11708,名詞,一般,*,*,*,*,緇,シ,シ,1/1,C3
緋,12,12,8986,形容詞,自立,*,*,形容詞・アウオ段,ガル接続,緋い,アカ,アカ,0/2,C2
緘,1345,1345,11815,名詞,一般,*,*,*,*,緘,カラミ,カラミ,3/3,C2
緝,1345,1345,11795,名詞,一般,*,*,*,*,緝,シュウ,シュー,1/2,C3
緡,1345,1345,11756,名詞,一般,*,*,*,*,緡,サシ,サシ,0/2,C3
緣,1345,1345,10974,名詞,一般,*,*,*,*,緣,エン,エン,1/2,C3
緩,1347,1347,11139,名詞,形容動詞語幹,*,*,*,*,緩,カン,カン,1/2,C3
縉,1351,1351,12517,名詞,固有名詞,人名,名,*,*,縉,シン,シン,1/2,*
縒,1345,1345,11732,名詞,一般,*,*,*,*,縒,ヨリ,ヨリ,2/2,C3
縣,1345,1345,10760,名詞,一般,*,*,*,*,縣,ケン,ケン,1/2,C3
縬,1345,1345,11779,名詞,一般,*,*,*,*,縬,シジラ,シジラ,0/3,C2
縵,1345,1345,11996,名詞,一般,*,*,*,*,縵,カズラ,カズラ,0/3,C2
縷,1345,1345,11599,名詞,一般,*,*,*,*,縷,ル,ル,1/1,*
績,1351,1351,12359,名詞,固有名詞,人名,名,*,*,績,イサオ,イサオ,0/3,*
繆,1350,1350,11991,名詞,固有名詞,人名,姓,*,*,繆,ボク,ボク,1/2,*
繊,1345,1345,12196,名詞,一般,*,*,*,*,繊,セン,セン,1/2,C3
繍,1345,1345,11924,名詞,一般,*,*,*,*,繍,ヌイ,ヌイ,0/2,C4
繕,1345,1345,11593,名詞,一般,*,*,*,*,繕,ヅクロイ,ズクロイ,3/4,C1
繡,1345,1345,11924,名詞,一般,*,*,*,*,繡,ヌイ,ヌイ,0/2,C4
繩,1345,1345,11200,名詞,一般,*,*,*,*,繩,ナワ,ナワ,2/2,C3
纔,1347,1347,12684,名詞,形容動詞語幹,*,*,*,*,纔,ワズカ,ワズカ,1/3,C1
罄,1345,1345,12017,名詞,一般,*,*,*,*,罄,ケイ,ケー,1/2,C4
羌,1348,1348,11190,名詞,固有名詞,一般,*,*,*,羌,キョウ,キョー,1/2,*
美,38,38,8261,形容詞,自立,*,*,形容詞・イ段,ガル接続,美い,ウツクシ,ウツクシ,4/4,C1
羞,1345,1345,11605,名詞,一般,*,*,*,*,羞,ハジ,ハジ,2/2,C3
羮,1345,1345,11779,名詞,一般,*,*,*,*,羮,アツモノ,アツモノ,0/4,C2
羯,1348,1348,11242,名詞,固有名詞,一般,*,*,*,羯,ケツ,ケツ,1/2,*
羿,1349,1349,12150,名詞,固有名詞,人名,一般,*,*,羿,ゲイ,ゲー,1/2,*
習,1350,1350,12106,名詞,固有名詞,人名,姓,*,*,習,シュウ,シュー,1/2,*
翟,1353,1353,11548,名詞,固有名詞,地域,一般,*,*,翟,テキ,テキ,1/2,*
翫,1350,1350,11243,名詞,固有名詞,人名,姓,*,*,翫,イトウ,イトー,0/3,*
翮,1345,1345,11378,名詞,一般,*,*,*,*,翮,ツバサ,ツバサ,0/3,C2
翰,1351,1351,12693,名詞,固有名詞,人名,名,*,*,翰,カン,カン,1/2,*
耆,1345,1345,11786,名詞,一般,*,*,*,*,耆,オキナ,オキナ,0/3,C2
而,1340,1340,8010,副詞,*,*,*,*,*,而,シカ,シカ,1/2,*
耿,1350,1350,12426,名詞,固有名詞,人名,姓,*,*,耿,コウ,コー,1/2,*
聖,12,12,8549,形容詞,自立,*,*,形容詞・アウオ段,ガル接続,聖い,キヨ,キヨ,2/2,C1
聘,1345,1345,11176,名詞,一般,*,*,*,*,聘,ヘイ,ヘー,1/2,C3
聞,1345,1345,12353,名詞,一般,*,*,*,*,聞,キキ,キキ,0/2,C3
聴,1345,1345,11992,名詞,一般,*,*,*,*,聴,チョウ,チョー,1/2,C1
聶,1350,1350,12098,名詞,固有名詞,人名,姓,*,*,聶,ジョウ,ジョー,1/2,*
肆,1345,1345,11779,名詞,一般,*,*,*,*,肆,イチクラ,イチクラ,2/4,*
肖,649,649,9567,動詞,自立,*,*,一段,未然形,肖る,ニ,ニ,0/1,C4
肖,652,652,8264,動詞,自立,*,*,一段,連用形,肖る,ニ,ニ,0/1,C4
胎,1345,1345,12074,名詞,一般,*,*,*,*,胎,ハラ,ハラ,2/2,C3
胝,1345,1345,12289,名詞,一般,*,*,*,*,胝,ダコ,ダコ,1/2,C3
胯,1345,1345,12088,名詞,一般,*,*,*,*,胯,マタ,マタ,2/2,C3
胼,1345,1345,12289,名詞,一般,*,*,*,*,胼,ダコ,ダコ,1/2,C3
能,1340,1340,7890,副詞,*,*,*,*,*,能,ヨク,ヨク,1/2,*
脂,12,12,8223,形容詞,自立,*,*,形容詞・アウオ段,ガル接続,脂臭,ヤニクサ,ヤニクサ,4/4,*
脊,1345,1345,11951,名詞,一般,*,*,*,*,脊,セイ,セー,1/2,C3
脣,1345,1345,11320,名詞,一般,*,*,*,*,脣,クチビル,クチビル,0/4,C2
脯,1345,1345,11779,名詞,一般,*,*,*,*,脯,ホジシ,ホジシ,3/3,C2
脾,1345,1345,11432,名詞,一般,*,*,*,*,脾,ヒ,ヒ,1/1,C3
腐,1345,1345,11897,名詞,一般,*,*,*,*,腐,フ,フ,1/1,C3
腟,1345,1345,11465,名詞,一般,*,*,*,*,腟,チツ,チツ,1/2,C3
腦,1345,1345,11143,名詞,一般,*,*,*,*,腦,ノウ,ノー,1/2,C3
腫,649,649,9271,動詞,自立,*,*,一段,未然形,腫る,ハレ,ハレ,0/2,C2
腫,652,652,8220,動詞,自立,*,*,一段,連用形,腫る,ハレ,ハレ,0/2,C2
腭,1345,1345,12054,名詞,一般,*,*,*,*,腭,アギ,アギ,1/2,C1
膈,1345,1345,11187,名詞,一般,*,*,*,*,膈,カク,カク,1/2,C1
膊,1345,1345,11969,名詞,一般,*,*,*,*,膊,コムラ,コムラ,0/3,C2
膨,1350,1350,13000,名詞,固有名詞,人名,姓,*,*,膨,ボウ,ボー,1/2,*
膩,1345,1345,11407,名詞,一般,*,*,*,*,膩,アブラ,アブラ,0/3,C2
膵,1345,1345,11508,名詞,一般,*,*,*,*,膵,スイ,スイ,1/2,C3
膸,1345,1345,11822,名詞,一般,*,*,*,*,膸,ズイ,ズイ,1/2,C3
臓,1345,1345,11276,名詞,一般,*,*,*,*,臓,ゾウ,ゾー,1/2,C3
臥,649,649,9003,動詞,自立,*,*,一段,未然形,臥る,フセ,フセ,2/2,C1
臥,652,652,8240,動詞,自立,*,*,一段,連用形,臥る,フセ,フセ,2/2,C1
臨,1345,1345,11827,名詞,一般,*,*,*,*,臨,リン,リン,1/2,C3
自,1345,1345,12809,名詞,一般,*,*,*,*,自,ジ,ジ,1/1,C3
致,1350,1350,12013,名詞,固有名詞,人名,姓,*,*,致,マツムロ,マツムロ,0/4,*
舊,12,12,7870,形容詞,自立,*,*,形容詞・アウオ段,ガル接続,舊い,フル,フル,2/2,C1
舊,1345,1345,11013,名詞,一般,*,*,*,*,舊,キュウ,キュー,1/2,C1
舖,1345,1345,10954,名詞,一般,*,*,*,*,舖,ミセ,ミセ,2/2,C3
舩,1345,1345,11315,名詞,一般,*,*,*,*,舩,フネ,フネ,1/2,C3
舫,1345,1345,11779,名詞,一般,*,*,*,*,舫,モヤイ,モヤイ,0/3,C2
般,1345,1345,11558,名詞,一般,*,*,*,*,般,ハツ,ハツ,1/2,C1
舶,1345,1345,11315,名詞,一般,*,*,*,*,舶,フネ,フネ,1/2,C3
艜,1345,1345,11779,名詞,一般,*,*,*,*,艜,ヒラダ,ヒラダ,0/3,C2
艝,1345,1345,10955,名詞,一般,*,*,*,*,艝,ソリ,ソリ,1/2,C3
艣,1345,1345,12012,名詞,一般,*,*,*,*,艣,ロ,ロ,0/1,C3
艪,1345,1345,12012,名詞,一般,*,*,*,*,艪,ロ,ロ,0/1,C3
艱,1345,1345,11958,名詞,一般,*,*,*,*,艱,カン,カン,1/2,C3
苒,1354,1354,11237,名詞,固有名詞,地域,国,*,*,苒,ラン,ラン,1/2,*
苛,12,12,8695,形容詞,自立,*,*,形容詞・アウオ段,ガル接続,苛い,ムゴ,ムゴ,2/2,C1
苛,1345,1345,11782,名詞,一般,*,*,*,*,苛,イラチ,イラチ,0/3,C2
范,1350,1350,12512,名詞,固有名詞,人名,姓,*,*,范,ハン,ハン,1/2,*
茗,1348,1348,11206,名詞,固有名詞,一般,*,*,*,茗,ミョウ,ミョー,1/2,*
茫,1347,1347,11727,名詞,形容動詞語幹,*,*,*,*,茫,ボウ,ボー,1/2,C3
茲,1366,1366,10614,名詞,代名詞,一般,*,*,*,茲,ココ,ココ,0/2,*
荀,1350,1350,12005,名詞,固有名詞,人名,姓,*,*,荀,ジュン,ジュン,1/2,*
荊,1354,1354,11403,名詞,固有名詞,地域,国,*,*,荊,ケイ,ケー,1/2,*
荏,1345,1345,12580,名詞,一般,*,*,*,*,荏,エ,エ,1/1,C3
荒,649,649,9914,動詞,自立,*,*,一段,未然形,荒る,アレ,アレ,0/2,C2
荒,652,652,9153,動詞,自立,*,*,一段,連用形,荒る,アレ,アレ,0/2,C2
荵,1345,1345,11846,名詞,一般,*,*,*,*,荵,シノブ,シノブ,1/3,C1
莉,1349,1349,12157,名詞,固有名詞,人名,一般,*,*,莉,リー,リー,1/2,*
莊,1350,1350,12064,名詞,固有名詞,人名,姓,*,*,莊,ソウ,ソー,1/2,*
莒,1353,1353,11616,名詞,固有名詞,地域,一般,*,*,莒,キョ,キョ,1/1,*
莠,1345,1345,11779,名詞,一般,*,*,*,*,莠,ハグサ,ハグサ,1/3,C1
莩,1345,1345,11726,名詞,一般,*,*,*,*,莩,ウスカワ,ウスカワ,0/4,C2
莫,1350,1350,12074,名詞,固有名詞,人名,姓,*,*,莫,バク,バク,1/2,*
莽,1351,1351,12402,名詞,固有名詞,人名,名,*,*,莽,モウ,モー,1/2,*
菀,1345,1345,11143,名詞,一般,*,*,*,*,菀,エン,エン,0/2,C3
菓,1345,1345,11564,名詞,一般,*,*,*,*,菓,コノミ,コノミ,1/3,C1
菹,1345,1345,11414,名詞,一般,*,*,*,*,菹,ソ,ソ,1/1,C3
萃,1351,1351,12309,名詞,固有名詞,人名,名,*,*,萃,アツム,アツム,0/3,*
萇,1348,1348,11213,名詞,固有名詞,一般,*,*,*,萇,チョウ,チョー,1/2,*
萊,1350,1350,12375,名詞,固有名詞,人名,姓,*,*,萊,ライ,ライ,1/2,*
萠,649,649,9105,動詞,自立,*,*,一段,未然形,萠る,モエ,モエ,0/2,C2
萠,652,652,8105,動詞,自立,*,*,一段,連用形,萠る,モエ,モエ,0/2,C2
落,1345,1345,11618,名詞,一般,*,*,*,*,落,オチ,オチ,2/2,C3
著,649,649,9188,動詞,自立,*,*,一段,未然形,著る,キ,キ,0/1,C4
著,652,652,9123,動詞,自立,*,*,一段,連用形,著る,キ,キ,0/1,C4
葡,1345,1345,11471,名詞,一般,*,*,*,*,葡,ホ,ホ,1/1,C4
葢,1345,1345,11513,名詞,一般,*,*,*,*,葢,オオイ,オーイ,0/3,C2
葯,1345,1345,11577,名詞,一般,*,*,*,*,葯,ヤク,ヤク,1/2,C3
葺,1345,1345,11852,名詞,一般,*,*,*,*,葺,ブキ,ブキ,0/2,C3
蒋,1350,1350,12762,名詞,固有名詞,人名,姓,*,*,蒋,ショウ,ショー,1/2,*
蒙,12,12,8378,形容詞,自立,*,*,形容詞・アウオ段,ガル接続,蒙い,クラ,クラ,0/2,C2
蒙,1345,1345,11188,名詞,一般,*,*,*,*,蒙,モウ,モー,1/2,C3
蒭,1345,1345,11779,名詞,一般,*,*,*,*,蒭,カラクサ,カラクサ,2/4,C1
蒸,1345,1345,11414,名詞,一般,*,*,*,*,蒸,ムシ,ムシ,2/2,C3
蒿,1351,1351,12341,名詞,固有名詞,人名,名,*,*,蒿,ヨモギ,ヨモギ,0/3,*
蓁,1351,1351,12517,名詞,固有名詞,人名,名,*,*,蓁,シン,シン,1/2,*
蓄,1345,1345,11621,名詞,一般,*,*,*,*,蓄,チク,チク,1/2,C3
蓉,1345,1345,11478,名詞,一般,*,*,*,*,蓉,ヨウ,ヨー,1/2,C3
蓐,1345,1345,11387,名詞,一般,*,*,*,*,蓐,ジョク,ジョク,1/2,C3
蔗,1345,1345,11344,名詞,一般,*,*,*,*,蔗,ショ,ショ,1/1,C3
蔘,1345,1345,11906,名詞,一般,*,*,*,*,蔘,シン,シン,1/2,C3
蔣,1350,1350,12762,名詞,固有名詞,人名,姓,*,*,蔣,ショウ,ショー,1/2,*
蕀,1345,1345,11857,名詞,一般,*,*,*,*,蕀,カラタチ,カラタチ,0/4,C2
蕚,1345,1345,12358,名詞,一般,*,*,*,*,蕚,ウテナ,ウテナ,0/3,C2
蕭,1350,1350,12762,名詞,固有名詞,人名,姓,*,*,蕭,ショウ,ショー,1/2,*
薈,1351,1351,12309,名詞,固有名詞,人名,名,*,*,薈,シゲミ,シゲミ,0/3,*
薛,1350,1350,11983,名詞,固有名詞,人名,姓,*,*,薛,セツ,セツ,1/2,*
薨,649,649,8290,動詞,自立,*,*,一段,未然形,薨る,カクレ,カクレ,3/3,C1
薨,652,652,7302,動詞,自立,*,*,一段,連用形,薨る,カクレ,カクレ,3/3,C1
藉,1349,1349,12061,名詞,固有名詞,人名,一般,*,*,藉,シャク,シャク,1/2,*
蘿,1345,1345,11424,名詞,一般,*,*,*,*,蘿,コケ,コケ,2/2,C4
蛛,1345,1345,11519,名詞,一般,*,*,*,*,蛛,クモ,クモ,1/2,C3
蛮,1345,1345,11399,名詞,一般,*,*,*,*,蛮,バン,バン,1/2,C3
蛼,1345,1345,11779,名詞,一般,*,*,*,*,蛼,イトド,イトド,0/3,C2
蜺,1345,1345,11749,名詞,一般,*,*,*,*,蜺,ゲイ,ゲー,1/2,C3
蝙,1345,1345,11675,名詞,一般,*,*,*,*,蝙,コウモリ,コーモリ,1/4,C1
蝟,1345,1345,11779,名詞,一般,*,*,*,*,蝟,ハリネズミ,ハリネズミ,3/5,C1
螽,1345,1345,11779,名詞,一般,*,*,*,*,螽,イナゴ,イナゴ,0/3,C2
蟎,1345,1345,11022,名詞,一般,*,*,*,*,蟎,ムシ,ムシ,0/2,C3
蟠,1345,1345,11273,名詞,一般,*,*,*,*,蟠,トグロ,トグロ,0/3,C2
蟬,1345,1345,11212,名詞,一般,*,*,*,*,蟬,セミ,セミ,0/2,C3
蟲,1345,1345,11022,名詞,一般,*,*,*,*,蟲,ムシ,ムシ,0/2,C3
蟾,1345,1345,11779,名詞,一般,*,*,*,*,蟾,ヒキガエル,ヒキガエル,3/5,C1
蠑,1345,1345,11779,名詞,一般,*,*,*,*,蠑,イモリ,イモリ,1/3,C1
蠓,1345,1345,11779,名詞,一般,*,*,*,*,蠓,マクナギ,マクナギ,0/4,C2
蠟,1345,1345,11195,名詞,一般,*,*,*,*,蠟,ロウ,ロー,1/2,C3
蠱,1345,1345,11510,名詞,一般,*,*,*,*,蠱,コ,コ,1/1,C3
蠹,1345,1345,11702,名詞,一般,*,*,*,*,蠹,シミ,シミ,0/2,C3
衡,1345,1345,11683,名詞,一般,*,*,*,*,衡,コウ,コー,1/2,C3
衣,649,649,8944,動詞,自立,*,*,一段,未然形,衣る,キ,キ,0/1,C4
衣,652,652,8534,動詞,自立,*,*,一段,連用形,衣る,キ,キ,0/1,C4
衤,1345,1345,11114,名詞,一般,*,*,*,*,衤,コロモヘン,コロモヘン,0/5,C2
衷,1375,1375,10888,名詞,副詞可能,*,*,*,*,衷,ウチ,ウチ,0/2,C3
袁,1350,1350,12231,名詞,固有名詞,人名,姓,*,*,袁,エン,エン,1/2,*
袘,1345,1345,11893,名詞,一般,*,*,*,*,袘,フキ,フキ,0/2,C3
袙,1353,1353,11603,名詞,固有名詞,地域,一般,*,*,袙,アコメ,アコメ,0/3,*
袪,1345,1345,11662,名詞,一般,*,*,*,*,袪,タモト,タモト,3/3,C2
被,649,649,9727,動詞,自立,*,*,一段,未然形,被る,キ,キ,0/1,C4
被,652,652,9477,動詞,自立,*,*,一段,連用形,被る,キ,キ,0/1,C4
袰,1345,1345,11781,名詞,一般,*,*,*,*,袰,ホロ,ホロ,1/2,C3
袱,1345,1345,11332,名詞,一般,*,*,*,*,袱,フク,フク,1/2,C3
袿,1345,1345,11779,名詞,一般,*,*,*,*,袿,ウチギ,ウチギ,0/3,C2
裀,1345,1345,11779,名詞,一般,*,*,*,*,裀,シトネ,シトネ,0/3,C2
裔,1375,1375,10945,名詞,副詞可能,*,*,*,*,裔,スエ,スエ,0/2,C4
裘,1345,1345,11779,名詞,一般,*,*,*,*,裘,ケゴロモ,ケゴロモ,2/4,C1
裙,1345,1345,10420,名詞,一般,*,*,*,*,裙,チュン,チュン,1/2,C3
裴,1350,1350,12189,名詞,固有名詞,人名,姓,*,*,裴,ハイ,ハイ,1/2,*
裵,1350,1350,12189,名詞,固有名詞,人名,姓,*,*,裵,ハイ,ハイ,1/2,*
褐,1345,1345,11307,名詞,一般,*,*,*,*,褐,カチ,カチ,1/2,C3
褚,1350,1350,12054,名詞,固有名詞,人名,姓,*,*,褚,チョ,チョ,1/1,*
褜,1345,1345,11788,名詞,一般,*,*,*,*,褜,エナ,エナ,1/2,C3
褶,1345,1345,11779,名詞,一般,*,*,*,*,褶,シビラ,シビラ,1/3,C1
覆,1340,1340,7128,副詞,*,*,*,*,*,覆,マタ,マタ,0/2,*
覗,1345,1345,11085,名詞,一般,*,*,*,*,覗,ネライ,ネライ,0/3,C2
覺,649,649,8385,動詞,自立,*,*,一段,未然形,覺る,オボエ,オボエ,3/3,C1
覺,652,652,7557,動詞,自立,*,*,一段,連用形,覺る,オボエ,オボエ,3/3,C1
觀,1345,1345,12231,名詞,一般,*,*,*,*,觀,カン,カン,1/2,C3
觚,1345,1345,11510,名詞,一般,*,*,*,*,觚,コ,コ,1/1,C3
觜,1345,1345,11708,名詞,一般,*,*,*,*,觜,シ,シ,1/1,C3
触,1345,1345,11454,名詞,一般,*,*,*,*,触,ショク,ショク,0/2,C4
觸,649,649,8230,動詞,自立,*,*,一段,未然形,觸る,フレ,フレ,0/2,C2
觸,652,652,7256,動詞,自立,*,*,一段,連用形,觸る,フレ,フレ,0/2,C2
觿,1345,1345,12017,名詞,一般,*,*,*,*,觿,ケイ,ケー,1/2,C3
訂,1340,1340,7514,副詞,*,*,*,*,*,訂,ツラツラ,ツラツラ,1/4,*
討,1345,1345,11618,名詞,一般,*,*,*,*,討,ウチ,ウチ,0/2,C3
訣,1345,1345,10850,名詞,一般,*,*,*,*,訣,ワケ,ワケ,1/2,C3
訥,1345,1345,11342,名詞,一般,*,*,*,*,訥,トツ,トツ,1/2,C3
訪,1350,1350,12443,名詞,固有名詞,人名,姓,*,*,訪,ホウ,ホー,1/2,*
設,1345,1345,11806,名詞,一般,*,*,*,*,設,セツ,セツ,1/2,C3
訴,649,649,8843,動詞,自立,*,*,一段,未然形,訴る,ウッタエ,ウッタエ,4/4,C1
訴,652,652,7936,動詞,自立,*,*,一段,連用形,訴る,ウッタエ,ウッタエ,4/4,C1
診,1345,1345,11917,名詞,一般,*,*,*,*,診,シン,シン,1/2,C3
註,1345,1345,11159,名詞,一般,*,*,*,*,註,チュウ,チュー,0/2,C3
詎,1366,1366,11246,名詞,代名詞,一般,*,*,*,詎,タレ,タレ,1/2,*
詢,1351,1351,12272,名詞,固有名詞,人名,名,*,*,詢,ジュン,ジュン,1/2,*
詣,1343,1343,11255,名詞,サ変接続,*,*,*,*,詣,モウデ,モーデ,0/3,C2
詫,1345,1345,11512,名詞,一般,*,*,*,*,詫,ワビ,ワビ,0/2,C3
詳,1347,1347,11929,名詞,形容動詞語幹,*,*,*,*,詳,ツマビラカ,ツマビラカ,3/5,C1
詳,38,38,8206,形容詞,自立,*,*,形容詞・イ段,ガル接続,詳い,クワシ,クワシ,3/3,C1
詹,1350,1350,13017,名詞,固有名詞,人名,姓,*,*,詹,セン,セン,1/2,*
誄,1345,1345,11584,名詞,一般,*,*,*,*,誄,ルイ,ルイ,1/2,C3
誅,1345,1345,11330,名詞,一般,*,*,*,*,誅,チュウ,チュー,1/2,C1
誇,1345,1345,11588,名詞,一般,*,*,*,*,誇,ホコリ,ホコリ,0/3,C2
誕,1351,1351,12784,名詞,固有名詞,人名,名,*,*,誕,タン,タン,1/2,*
誡,1345,1345,11487,名詞,一般,*,*,*,*,誡,カイ,カイ,1/2,C3
読,1345,1345,11644,名詞,一般,*,*,*,*,読,ヨミ,ヨミ,2/2,C3
諄,1345,1345,12132,名詞,一般,*,*,*,*,諄,マコト,マコト,0/3,C2
請,1345,1345,11751,名詞,一般,*,*,*,*,請,ウケ,ウケ,2/2,C4
諚,1345,1345,11774,名詞,一般,*,*,*,*,諚,サダメ,サダメ,3/3,C2
諫,1345,1345,11904,名詞,一般,*,*,*,*,諫,イサメ,イサメ,3/3,C1
謁,1345,1345,11470,名詞,一般,*,*,*,*,謁,エツ,エツ,1/2,C3
謐,1347,1347,12144,名詞,形容動詞語幹,*,*,*,*,謐,シズカ,シズカ,1/3,C1
謖,1351,1351,12259,名詞,固有名詞,人名,名,*,*,謖,ショク,ショク,1/2,*
謚,1345,1345,11779,名詞,一般,*,*,*,*,謚,オクリナ,オクリナ,0/4,C2
謨,1345,1345,11944,名詞,一般,*,*,*,*,謨,ボ,ボ,1/1,C3
謳,1345,1345,11743,名詞,一般,*,*,*,*,謳,ウタ,ウタ,2/2,C3
譃,1345,1345,11645,名詞,一般,*,*,*,*,譃,ウソ,ウソ,1/2,C3
證,1345,1345,11713,名詞,一般,*,*,*,*,證,アカシ,アカシ,0/3,C2
譏,1345,1345,11779,名詞,一般,*,*,*,*,譏,ソシリ,ソシリ,3/3,C1
識,1345,1345,12234,名詞,一般,*,*,*,*,識,シキ,シキ,2/2,C3
變,1347,1347,10670,名詞,形容動詞語幹,*,*,*,*,變,ヘン,ヘン,1/2,C3
讎,1345,1345,11431,名詞,一般,*,*,*,*,讎,アダ,アダ,2/2,C1
讒,1345,1345,11621,名詞,一般,*,*,*,*,讒,ザン,ザン,1/2,C3
讖,1345,1345,11906,名詞,一般,*,*,*,*,讖,シン,シン,1/2,C1
讙,1353,1353,11945,名詞,固有名詞,地域,一般,*,*,讙,カン,カン,1/2,*
讚,1345,1345,11478,名詞,一般,*,*,*,*,讚,サン,サン,1/2,C3
豐,1351,1351,12835,名詞,固有名詞,人名,名,*,*,豐,ユタカ,ユタカ,1/3,*
豨,1351,1351,12500,名詞,固有名詞,人名,名,*,*,豨,キ,キ,1/1,*
豫,1353,1353,11937,名詞,固有名詞,地域,一般,*,*,豫,ヨ,ヨ,1/1,*
貌,1345,1345,10968,名詞,一般,*,*,*,*,貌,カオ,カオ,0/2,C3
貎,1345,1345,11124,名詞,一般,*,*,*,*,貎,カオ,カオ,0/2,C3
貨,1345,1345,11841,名詞,一般,*,*,*,*,貨,カ,カ,1/1,C3
販,1345,1345,11776,名詞,一般,*,*,*,*,販,ハン,ハン,1/2,C4
貪,1345,1345,11897,名詞,一般,*,*,*,*,貪,ドン,ドン,1/2,C3
貲,1345,1345,11779,名詞,一般,*,*,*,*,貲,サヨミ,サヨミ,0/3,C2
賈,1350,1350,12581,名詞,固有名詞,人名,姓,*,*,賈,カ,カ,1/1,*
賤,1345,1345,11783,名詞,一般,*,*,*,*,賤,シズ,シズ,1/2,C3
赧,12,12,8322,形容詞,自立,*,*,形容詞・アウオ段,ガル接続,赧い,アカ,アカ,0/2,C2
赫,12,12,8322,形容詞,自立,*,*,形容詞・アウオ段,ガル接続,赫い,アカ,アカ,0/2,C2
赫,1347,1347,11412,名詞,形容動詞語幹,*,*,*,*,赫,カク,カク,1/2,C1
赭,12,12,8322,形容詞,自立,*,*,形容詞・アウオ段,ガル接続,赭い,アカ,アカ,0/2,C2
走,1345,1345,11760,名詞,一般,*,*,*,*,走,ソウ,ソー,1/2,C3
趾,1345,1345,10620,名詞,一般,*,*,*,*,趾,アト,アト,1/2,C1
距,1345,1345,11459,名詞,一般,*,*,*,*,距,キョ,キョ,1/1,C1
踈,1347,1347,12169,名詞,形容動詞語幹,*,*,*,*,踈,マバラ,マバラ,0/3,C2
踪,1345,1345,10620,名詞,一般,*,*,*,*,踪,アト,アト,1/2,C1
蹈,1345,1345,11758,名詞,一般,*,*,*,*,蹈,トウ,トー,1/2,*
蹊,1345,1345,12017,名詞,一般,*,*,*,*,蹊,ケイ,ケー,1/2,C3
蹔,1340,1340,7691,副詞,*,*,*,*,*,蹔,シバシ,シバシ,1/3,*
蹠,1345,1345,11779,名詞,一般,*,*,*,*,蹠,アシウラ,アシウラ,0/4,C2
蹤,1345,1345,10620,名詞,一般,*,*,*,*,蹤,アト,アト,1/2,C1
躁,1345,1345,11747,名詞,一般,*,*,*,*,躁,ソウ,ソー,1/2,C3
躅,1345,1345,10620,名詞,一般,*,*,*,*,躅,アト,アト,1/2,C1
躍,1345,1345,11701,名詞,一般,*,*,*,*,躍,オドリ,オドリ,0/3,C2
躬,1345,1345,12316,名詞,一般,*,*,*,*,躬,ミ,ミ,0/1,C3
躶,1345,1345,11681,名詞,一般,*,*,*,*,躶,ハダカ,ハダカ,0/3,C2
躾,649,649,9422,動詞,自立,*,*,一段,未然形,躾る,シツケ,シツケ,3/3,C1
躾,652,652,8823,動詞,自立,*,*,一段,連用形,躾る,シツケ,シツケ,3/3,C1
軀,1345,1345,10957,名詞,一般,*,*,*,*,軀,カラダ,カラダ,0/3,C2
軌,1345,1345,11367,名詞,一般,*,*,*,*,軌,キ,キ,1/1,C3
軟,12,12,8541,形容詞,自立,*,*,形容詞・アウオ段,ガル接続,軟い,ヤワ,ヤワ,2/2,C1
軫,1345,1345,11906,名詞,一般,*,*,*,*,軫,シン,シン,1/2,C3
軻,1350,1350,12581,名詞,固有名詞,人名,姓,*,*,軻,カ,カ,1/1,*
軾,1351,1351,12259,名詞,固有名詞,人名,名,*,*,軾,ショク,ショク,1/2,*
較,1340,1340,6932,副詞,*,*,*,*,*,較,ヤヤ,ヤヤ,1/2,*
輌,1360,1360,12036,名詞,接尾,助数詞,*,*,*,輌,リョウ,リョー,1/2,C3
輔,1351,1351,12742,名詞,固有名詞,人名,名,*,*,輔,タスク,タスク,0/3,*
輕,12,12,8573,形容詞,自立,*,*,形容詞・アウオ段,ガル接続,輕い,カル,カル,0/2,C2
輙,1351,1351,12609,名詞,固有名詞,人名,名,*,*,輙,チョウ,チョー,1/2,*
輛,1360,1360,12035,名詞,接尾,助数詞,*,*,*,輛,リョウ,リョー,1/2,C3
輦,1345,1345,11662,名詞,一般,*,*,*,*,輦,レン,レン,1/2,C3
輯,1345,1345,11795,名詞,一般,*,*,*,*,輯,シュウ,シュー,1/2,C3
輾,1345,1345,11391,名詞,一般,*,*,*,*,輾,テン,テン,1/2,C3
轌,1345,1345,10955,名詞,一般,*,*,*,*,轌,ソリ,ソリ,1/2,C3
轎,1345,1345,12292,名詞,一般,*,*,*,*,轎,コシ,コシ,1/2,C3
辣,12,12,7761,形容詞,自立,*,*,形容詞・アウオ段,ガル接続,辣い,カラ,カラ,2/2,C1
辨,1345,1345,11526,名詞,一般,*,*,*,*,辨,ベン,ベン,1/2,C4
辭,1345,1345,11860,名詞,一般,*,*,*,*,辭,ジ,ジ,1/1,C3
辯,1351,1351,12803,名詞,固有名詞,人名,名,*,*,辯,ベン,ベン,1/2,*
辶,1345,1345,11133,名詞,一般,*,*,*,*,辶,シンニュウ,シンニュー,0/4,C2
迅,12,12,7396,形容詞,自立,*,*,形容詞・アウオ段,ガル接続,迅い,ハヤ,ハヤ,2/2,C1
迊,1345,1345,12363,名詞,一般,*,*,*,*,迊,メグリ,メグリ,0/3,C2
迷,1345,1345,11466,名詞,一般,*,*,*,*,迷,メイ,メー,1/2,C3
逃,649,649,8823,動詞,自立,*,*,一段,未然形,逃る,ニゲ,ニゲ,2/2,C1
逃,652,652,7619,動詞,自立,*,*,一段,連用形,逃る,ニゲ,ニゲ,2/2,C1
逈,1347,1347,12056,名詞,形容動詞語幹,*,*,*,*,逈,ハルカ,ハルカ,1/3,C1
進,799,799,9212,動詞,自立,*,*,五段・マ行,連用タ接続,進む,ススン,ススン,0/3,C2
遂,1351,1351,12395,名詞,固有名詞,人名,名,*,*,遂,スイ,スイ,1/2,*
遄,1340,1340,7725,副詞,*,*,*,*,*,遄,タチマチ,タチマチ,0/4,*
遄,1347,1347,12664,名詞,形容動詞語幹,*,*,*,*,遄,スミヤカ,スミヤカ,2/4,C1
遅,1350,1350,13098,名詞,固有名詞,人名,姓,*,*,遅,チ,チ,1/1,*
遉,1340,1340,6922,副詞,*,*,*,*,*,遉,サスガ,サスガ,0/3,*
遉,1347,1347,13471,名詞,形容動詞語幹,*,*,*,*,遉,サスガ,サスガ,0/3,C2
遊,1345,1345,11683,名詞,一般,*,*,*,*,遊,ユウ,ユー,1/2,C1
過,1343,1343,12092,名詞,サ変接続,*,*,*,*,過,ワザワイ,ワザワイ,0/4,C2
遑,1345,1345,12381,名詞,一般,*,*,*,*,遑,イトマ,イトマ,0/3,C2
違,1345,1345,12015,名詞,一般,*,*,*,*,違,イ,イ,1/1,C3
遜,1351,1351,12535,名詞,固有名詞,人名,名,*,*,遜,ソン,ソン,1/2,*
遞,1345,1345,11587,名詞,一般,*,*,*,*,遞,タガイ,タガイ,0/3,C2
遠,1345,1345,12357,名詞,一般,*,*,*,*,遠,エン,エン,1/2,C3
遮,1340,1340,7853,副詞,*,*,*,*,*,遮,サモ,サモ,1/2,*
遵,1351,1351,12308,名詞,固有名詞,人名,名,*,*,遵,シタガウ,シタガウ,0/4,*
遶,1345,1345,11192,名詞,一般,*,*,*,*,遶,ニョウ,ニョー,1/2,C3
遷,1351,1351,12850,名詞,固有名詞,人名,名,*,*,遷,セン,セン,1/2,*
遽,1347,1347,11909,名詞,形容動詞語幹,*,*,*,*,遽,ニワカ,ニワカ,1/3,C1
邁,1351,1351,12156,名詞,固有名詞,人名,名,*,*,邁,ススム,ススム,0/3,*
還,1340,1340,7095,副詞,*,*,*,*,*,還,マタ,マタ,0/2,*
邉,1345,1345,10243,名詞,一般,*,*,*,*,邉,ヘン,ヘン,1/2,C3
邑,1345,1345,11533,名詞,一般,*,*,*,*,邑,ユウ,ユー,1/2,C3
邢,1354,1354,11403,名詞,固有名詞,地域,国,*,*,邢,ケイ,ケー,1/2,*
那,1366,1366,12072,名詞,代名詞,一般,*,*,*,那,ソレ,ソレ,0/2,*
那,1376,1376,6075,連体詞,*,*,*,*,*,那,アノ,アノ,0/2,*
邨,1345,1345,11428,名詞,一般,*,*,*,*,邨,ソン,ソン,1/2,C3
邱,1350,1350,12408,名詞,固有名詞,人名,姓,*,*,邱,キュウ,キュー,1/2,*
邵,1350,1350,12762,名詞,固有名詞,人名,姓,*,*,邵,ショウ,ショー,1/2,*
邶,1354,1354,11261,名詞,固有名詞,地域,国,*,*,邶,ハイ,ハイ,1/2,*
邾,1354,1354,11063,名詞,固有名詞,地域,国,*,*,邾,チュ,チュ,1/1,*
郊,1345,1345,11704,名詞,一般,*,*,*,*,郊,コウ,コー,1/2,C3
郗,1350,1350,12209,名詞,固有名詞,人名,姓,*,*,郗,キ,キ,1/1,*
郝,1350,1350,12253,名詞,固有名詞,人名,姓,*,*,郝,カク,カク,1/2,*
郢,1353,1353,11547,名詞,固有名詞,地域,一般,*,*,郢,エイ,エイ,1/2,*
郯,1354,1354,11473,名詞,固有名詞,地域,国,*,*,郯,タン,タン,1/2,*
郿,1353,1353,11770,名詞,固有名詞,地域,一般,*,*,郿,ビ,ビ,1/1,*
鄂,1353,1353,11617,名詞,固有名詞,地域,一般,*,*,鄂,ガク,ガク,1/2,*
鄒,1350,1350,12120,名詞,固有名詞,人名,姓,*,*,鄒,スウ,スー,1/2,*
鄘,1354,1354,11127,名詞,固有名詞,地域,国,*,*,鄘,ヨウ,ヨー,1/2,*
鄧,1350,1350,12403,名詞,固有名詞,人名,姓,*,*,鄧,トウ,トー,1/2,*
鄰,1345,1345,11067,名詞,一般,*,*,*,*,鄰,トナリ,トナリ,0/3,C2
鄴,1353,1353,11798,名詞,固有名詞,地域,一般,*,*,鄴,ギョウ,ギョー,1/2,*
酈,1350,1350,11998,名詞,固有名詞,人名,姓,*,*,酈,レキ,レキ,1/2,*
酋,1345,1345,11836,名詞,一般,*,*,*,*,酋,シュウ,シュー,1/2,C1
酎,1345,1345,11580,名詞,一般,*,*,*,*,酎,チュウ,チュー,1/2,C1
酛,1345,1345,11175,名詞,一般,*,*,*,*,酛,モト,モト,1/2,*
酥,1345,1345,11414,名詞,一般,*,*,*,*,酥,ソ,ソ,1/1,C3
酪,1345,1345,11599,名詞,一般,*,*,*,*,酪,ラク,ラク,1/2,C3
醬,1345,1345,10649,名詞,一般,*,*,*,*,醬,ジャン,ジャン,1/2,C3
醴,1345,1345,11776,名詞,一般,*,*,*,*,醴,アマザケ,アマザケ,0/4,C2
釁,1345,1345,11192,名詞,一般,*,*,*,*,釁,スキ,スキ,0/2,C3
釉,1345,1345,11616,名詞,一般,*,*,*,*,釉,ユウ,ユー,1/2,C3
釋,1345,1345,11163,名詞,一般,*,*,*,*,釋,シャク,シャク,1/2,C3
釧,1345,1345,11789,名詞,一般,*,*,*,*,釧,クシロ,クシロ,1/3,C1
釵,1345,1345,11143,名詞,一般,*,*,*,*,釵,カンザシ,カンザシ,0/4,C2
鈔,1345,1345,12084,名詞,一般,*,*,*,*,鈔,ショウ,ショー,1/2,C3
鈸,1345,1345,11204,名詞,一般,*,*,*,*,鈸,ハツ,ハツ,1/2,C1
鈿,1345,1345,12259,名詞,一般,*,*,*,*,鈿,デン,デン,1/2,C3
鉀,1345,1345,11779,名詞,一般,*,*,*,*,鉀,ヨロイ,ヨロイ,0/3,C2
鉇,1345,1345,11779,名詞,一般,*,*,*,*,鉇,ヤリガンナ,ヤリガンナ,3/5,C1
鉈,1345,1345,11862,名詞,一般,*,*,*,*,鉈,ナタ,ナタ,0/2,C3
鉉,1345,1345,12040,名詞,一般,*,*,*,*,鉉,バタ,バタ,0/2,C3
鉋,1345,1345,11751,名詞,一般,*,*,*,*,鉋,ガンナ,ガンナ,0/3,C2
鉞,1345,1345,11779,名詞,一般,*,*,*,*,鉞,マサカリ,マサカリ,2/4,C1
鉧,1345,1345,11789,名詞,一般,*,*,*,*,鉧,ケラ,ケラ,1/2,C1
銖,1360,1360,11712,名詞,接尾,助数詞,*,*,*,銖,シュ,シュ,0/1,C3
銛,1345,1345,11972,名詞,一般,*,*,*,*,銛,モリ,モリ,0/2,C3
銜,1345,1345,11780,名詞,一般,*,*,*,*,銜,ククミ,ククミ,0/3,C2
銹,1345,1345,11254,名詞,一般,*,*,*,*,銹,サビ,サビ,2/2,C3
鋎,1345,1345,11779,名詞,一般,*,*,*,*,鋎,カナマリ,カナマリ,0/4,C2
鋩,1345,1345,11779,名詞,一般,*,*,*,*,鋩,キッサキ,キッサキ,0/4,C2
鋭,1347,1347,11007,名詞,形容動詞語幹,*,*,*,*,鋭,エイ,エー,1/2,C3
鋳,1360,1360,11686,名詞,接尾,助数詞,*,*,*,鋳,チュウ,チュー,1/2,C3
錙,1345,1345,11708,名詞,一般,*,*,*,*,錙,シ,シ,1/1,C3
錡,1351,1351,12500,名詞,固有名詞,人名,名,*,*,錡,キ,キ,1/1,*
錢,1350,1350,13017,名詞,固有名詞,人名,姓,*,*,錢,セン,セン,1/2,*
錣,1345,1345,11779,名詞,一般,*,*,*,*,錣,シコロ,シコロ,0/3,C2
錬,1351,1351,11947,名詞,固有名詞,人名,名,*,*,錬,レン,レン,1/2,*
錯,1345,1345,10609,名詞,一般,*,*,*,*,錯,サク,サク,1/2,C3
錵,1345,1345,11905,名詞,一般,*,*,*,*,錵,ニエ,ニエ,0/2,C3
鍑,1345,1345,11332,名詞,一般,*,*,*,*,鍑,フク,フク,1/2,C3
鍛,1345,1345,11757,名詞,一般,*,*,*,*,鍛,キタエ,キタエ,3/3,C2
鍼,1345,1345,11716,名詞,一般,*,*,*,*,鍼,ハリ,ハリ,1/2,C3
鍾,1345,1345,12145,名詞,一般,*,*,*,*,鍾,カネ,カネ,0/2,C3
鎗,1345,1345,11967,名詞,一般,*,*,*,*,鎗,ヤリ,ヤリ,0/2,C3
鎛,1345,1345,11340,名詞,一般,*,*,*,*,鎛,ハク,ハク,1/2,C3
鎬,1353,1353,12042,名詞,固有名詞,地域,一般,*,*,鎬,コウ,コー,1/2,*
鎮,1345,1345,11252,名詞,一般,*,*,*,*,鎮,チン,チン,1/2,C3
鎰,1345,1345,11202,名詞,一般,*,*,*,*,鎰,カギ,カギ,2/2,C4
鎹,1345,1345,11779,名詞,一般,*,*,*,*,鎹,カスガイ,カスガイ,0/4,C2
鏁,1345,1345,11448,名詞,一般,*,*,*,*,鏁,クサリ,クサリ,0/3,C2
鏃,1345,1345,11528,名詞,一般,*,*,*,*,鏃,ヤジリ,ヤジリ,0/3,C2
鏈,1345,1345,11448,名詞,一般,*,*,*,*,鏈,クサリ,クサリ,0/3,C2
鏝,1345,1345,11180,名詞,一般,*,*,*,*,鏝,コテ,コテ,0/2,C3
鏟,1345,1345,11477,名詞,一般,*,*,*,*,鏟,サン,サン,1/2,C3
鏢,1345,1345,11119,名詞,一般,*,*,*,*,鏢,ヒョウ,ヒョー,1/2,C4
鏧,1345,1345,11922,名詞,一般,*,*,*,*,鏧,キン,キン,1/2,C3
鏨,1345,1345,12054,名詞,一般,*,*,*,*,鏨,タガネ,タガネ,0/3,C2
鐃,1345,1345,11192,名詞,一般,*,*,*,*,鐃,ニョウ,ニョー,1/2,C3
鐔,1345,1345,11788,名詞,一般,*,*,*,*,鐔,ツバ,ツバ,1/2,C3
鐗,1345,1345,11958,名詞,一般,*,*,*,*,鐗,カン,カン,1/2,C3
鐚,1345,1345,11602,名詞,一般,*,*,*,*,鐚,ビタ,ビタ,1/2,C3
鐡,1345,1345,10827,名詞,一般,*,*,*,*,鐡,テツ,テツ,0/2,C3
鐶,1345,1345,11958,名詞,一般,*,*,*,*,鐶,カン,カン,1/2,C3
鐸,1345,1345,11035,名詞,一般,*,*,*,*,鐸,タク,タク,1/2,C3
鐺,1345,1345,11779,名詞,一般,*,*,*,*,鐺,コジリ,コジリ,0/3,C2
鑒,1345,1345,11963,名詞,一般,*,*,*,*,鑒,カン,カン,1/2,C3
鑞,1345,1345,11774,名詞,一般,*,*,*,*,鑞,ロウ,ロー,1/2,C3
鑠,1351,1351,12424,名詞,固有名詞,人名,名,*,*,鑠,シャク,シャク,1/2,*
鑢,1345,1345,11777,名詞,一般,*,*,*,*,鑢,ヤスリ,ヤスリ,0/3,C2
鑭,1340,1340,7504,副詞,*,*,*,*,*,鑭,キラ,キラ,2/2,*
鑰,1345,1345,11202,名詞,一般,*,*,*,*,鑰,カギ,カギ,2/2,C4
鑵,1345,1345,11520,名詞,一般,*,*,*,*,鑵,カマ,カマ,0/2,C3
鑽,1345,1345,12054,名詞,一般,*,*,*,*,鑽,タガネ,タガネ,0/3,C2
鑿,1345,1345,11594,名詞,一般,*,*,*,*,鑿,ノミ,ノミ,1/2,C3
閇,1353,1353,11799,名詞,固有名詞,地域,一般,*,*,閇,ヘイ,ヘー,1/2,*
閉,1345,1345,11259,名詞,一般,*,*,*,*,閉,ヘイ,ヘー,1/2,C3
閑,1347,1347,12261,名詞,形容動詞語幹,*,*,*,*,閑,ヒマ,ヒマ,0/2,C3
閔,1350,1350,11863,名詞,固有名詞,人名,姓,*,*,閔,ビン,ビン,1/2,*
閙,1345,1345,11643,名詞,一般,*,*,*,*,閙,ドウ,ドー,1/2,C3
閧,1345,1345,11468,名詞,一般,*,*,*,*,閧,トキ,トキ,2/2,C3
閫,1345,1345,11779,名詞,一般,*,*,*,*,閫,トジキミ,トジキミ,2/4,C1
閭,1350,1350,12035,名詞,固有名詞,人名,姓,*,*,閭,リョ,リョ,1/1,*
閲,1345,1345,11478,名詞,一般,*,*,*,*,閲,エツ,エツ,1/2,C1
閹,1345,1345,11666,名詞,一般,*,*,*,*,閹,アン,アン,1/2,C3
閻,1350,1350,12231,名詞,固有名詞,人名,姓,*,*,閻,エン,エン,1/2,*
閽,1345,1345,12053,名詞,一般,*,*,*,*,閽,コン,コン,1/2,C3
閾,1345,1345,10708,名詞,一般,*,*,*,*,閾,シキイ,シキイ,0/3,C2
闇,12,12,8802,形容詞,自立,*,*,形容詞・アウオ段,ガル接続,闇い,クラ,クラ,0/2,C2
闈,1345,1345,12199,名詞,一般,*,*,*,*,闈,ミカド,ミカド,0/3,C2
闔,1345,1345,11682,名詞,一般,*,*,*,*,闔,コウ,コー,1/2,C3
闕,1345,1345,11576,名詞,一般,*,*,*,*,闕,ケツ,ケツ,1/2,C3
關,1353,1353,11709,名詞,固有名詞,地域,一般,*,*,關,セキ,セキ,1/2,*
阜,1345,1345,11705,名詞,一般,*,*,*,*,阜,オカ,オカ,0/2,C4
阨,12,12,7987,形容詞,自立,*,*,形容詞・アウオ段,ガル接続,阨い,セマ,セマ,2/2,C1
阮,1350,1350,12767,名詞,固有名詞,人名,姓,*,*,阮,ゲン,ゲン,1/2,*
降,1345,1345,12098,名詞,一般,*,*,*,*,降,サガリ,サガリ,3/3,C2
陛,1345,1345,11189,名詞,一般,*,*,*,*,陛,ヘイ,ヘー,1/2,C3
陝,1353,1353,12279,名詞,固有名詞,地域,一般,*,*,陝,セン,セン,1/2,*
陞,1351,1351,12299,名詞,固有名詞,人名,名,*,*,陞,ノボル,ノボル,0/3,*
隗,1350,1350,11759,名詞,固有名詞,人名,姓,*,*,隗,カイ,カイ,1/2,*
隘,1345,1345,12117,名詞,一般,*,*,*,*,隘,アイ,アイ,1/2,C3
障,1345,1345,11327,名詞,一般,*,*,*,*,障,サワリ,サワリ,0/3,C2
隠,1345,1345,11773,名詞,一般,*,*,*,*,隠,イン,イン,1/2,C3
隴,1345,1345,11774,名詞,一般,*,*,*,*,隴,ロウ,ロー,1/2,C3
隷,1345,1345,11439,名詞,一般,*,*,*,*,隷,レイ,レー,1/2,C3
雍,1350,1350,11473,名詞,固有名詞,人名,姓,*,*,雍,ヨウ,ヨー,1/2,*
雑,12,12,7724,形容詞,自立,*,*,形容詞・アウオ段,ガル接続,雑い,ザツ,ザツ,2/2,C1
雞,1345,1345,11514,名詞,一般,*,*,*,*,雞,トリ,トリ,0/2,C3
需,1345,1345,12107,名詞,一般,*,*,*,*,需,ジュ,ジュ,1/1,C3
霍,1350,1350,12253,名詞,固有名詞,人名,姓,*,*,霍,カク,カク,1/2,*
霎,1345,1345,11231,名詞,一般,*,*,*,*,霎,シグレ,シグレ,0/3,C2
霓,1345,1345,11749,名詞,一般,*,*,*,*,霓,ゲイ,ゲー,1/2,C3
霙,1345,1345,11780,名詞,一般,*,*,*,*,霙,ミゾレ,ミゾレ,0/3,C2
靁,1345,1345,11038,名詞,一般,*,*,*,*,靁,カミナリ,カミナリ,3/4,C1
靄,1345,1345,11949,名詞,一般,*,*,*,*,靄,モヤ,モヤ,1/2,C3
靚,1345,1345,10894,名詞,一般,*,*,*,*,靚,レン,レン,1/2,C3
靡,1345,1345,10861,名詞,一般,*,*,*,*,靡,ナビキ,ナビキ,3/3,C1
靭,12,12,7454,形容詞,自立,*,*,形容詞・アウオ段,ガル接続,靭い,ツヨ,ツヨ,2/2,C1
靱,1353,1353,11609,名詞,固有名詞,地域,一般,*,*,靱,ウツボ,ウツボ,0/3,*
靳,1350,1350,12554,名詞,固有名詞,人名,姓,*,*,靳,キン,キン,1/2,*
鞅,1345,1345,11779,名詞,一般,*,*,*,*,鞅,ムナガイ,ムナガイ,0/4,C2
鞆,1353,1353,12550,名詞,固有名詞,地域,一般,*,*,鞆,トモ,トモ,1/2,*
鞢,1350,1350,12762,名詞,固有名詞,人名,姓,*,*,鞢,ショウ,ショー,1/2,*
鞦,1345,1345,11779,名詞,一般,*,*,*,*,鞦,シリガイ,シリガイ,2/4,C1
鞴,1345,1345,11779,名詞,一般,*,*,*,*,鞴,フイゴ,フイゴ,0/3,C2
韋,1345,1345,11278,名詞,一般,*,*,*,*,韋,カワ,カワ,2/2,C3
韵,1345,1345,11702,名詞,一般,*,*,*,*,韵,イン,イン,0/2,C3
韶,1351,1351,13167,名詞,固有名詞,人名,名,*,*,韶,ショウ,ショー,1/2,*
須,1351,1351,12497,名詞,固有名詞,人名,名,*,*,須,シュ,シュ,1/1,*
頌,1345,1345,11582,名詞,一般,*,*,*,*,頌,ショウ,ショー,1/2,C3
頑,1345,1345,10798,名詞,一般,*,*,*,*,頑,ガン,ガン,1/2,C3
頰,1345,1345,10460,名詞,一般,*,*,*,*,頰,ホオ,ホー,1/2,C1
顛,1345,1345,11608,名詞,一般,*,*,*,*,顛,イタダキ,イタダキ,0/4,C2
顧,1350,1350,11899,名詞,固有名詞,人名,姓,*,*,顧,コ,コ,1/1,*
顧,649,649,8917,動詞,自立,*,*,一段,未然形,顧る,カエリミ,カエリミ,4/4,C1
顧,652,652,8620,動詞,自立,*,*,一段,連用形,顧る,カエリミ,カエリミ,4/4,C1
顱,1345,1345,11401,名詞,一般,*,*,*,*,顱,ヒタイ,ヒタイ,0/3,C2
颯,1340,1340,7725,副詞,*,*,*,*,*,颯,タチマチ,タチマチ,0/4,*
颷,1351,1351,11997,名詞,固有名詞,人名,名,*,*,颷,ヒョウ,ヒョー,1/2,*
飄,1345,1345,11121,名詞,一般,*,*,*,*,飄,ヒョウ,ヒョー,1/2,C3
飢,1345,1345,11343,名詞,一般,*,*,*,*,飢,ウエ,ウエ,2/2,C3
餉,1345,1345,11780,名詞,一般,*,*,*,*,餉,カレイイ,カレイー,0/4,C2
餠,1345,1345,11609,名詞,一般,*,*,*,*,餠,モチ,モチ,0/2,C3
饅,1345,1345,11785,名詞,一般,*,*,*,*,饅,ヌタ,ヌタ,0/2,C3
饌,1345,1345,12184,名詞,一般,*,*,*,*,饌,ソナエモノ,ソナエモノ,0/5,C2
馘,1345,1345,10901,名詞,一般,*,*,*,*,馘,クビ,クビ,0/2,C3
馥,1351,1351,11830,名詞,固有名詞,人名,名,*,*,馥,カオル,カオル,0/3,*
馮,1350,1350,11162,名詞,固有名詞,人名,姓,*,*,馮,ヒョウ,ヒョー,1/2,*
馳,1350,1350,12095,名詞,固有名詞,人名,姓,*,*,馳,ハセ,ハセ,0/2,*
駆,1351,1351,12331,名詞,固有名詞,人名,名,*,*,駆,カケル,カケル,0/3,*
騅,1348,1348,11138,名詞,固有名詞,一般,*,*,*,騅,スイ,スイ,1/2,*
騒,1345,1345,11583,名詞,一般,*,*,*,*,騒,サワギ,サワギ,1/3,C1
騰,1351,1351,12299,名詞,固有名詞,人名,名,*,*,騰,ノボル,ノボル,0/3,*
驗,1345,1345,12209,名詞,一般,*,*,*,*,驗,シルシ,シルシ,0/3,C2
驛,1345,1345,10761,名詞,一般,*,*,*,*,驛,エキ,エキ,1/2,C3
驥,1345,1345,11313,名詞,一般,*,*,*,*,驥,キ,キ,1/1,C3
骰,1345,1345,12231,名詞,一般,*,*,*,*,骰,サイ,サイ,1/2,C3
髀,1345,1345,11768,名詞,一般,*,*,*,*,髀,フトモモ,フトモモ,0/4,C2
體,1345,1345,12326,名詞,一般,*,*,*,*,體,テイ,テー,1/2,C3
髞,1351,1351,12669,名詞,固有名詞,人名,名,*,*,髞,タカシ,タカシ,1/3,*
髠,1351,1351,13165,名詞,固有名詞,人名,名,*,*,髠,コン,コン,1/2,*
鬂,1345,1345,11100,名詞,一般,*,*,*,*,鬂,ビン,ビン,1/2,C3
鬟,1345,1345,11899,名詞,一般,*,*,*,*,鬟,ミズラ,ミズラ,0/3,C2
鬠,1345,1345,11806,名詞,一般,*,*,*,*,鬠,モットイ,モットイ,3/4,C1
鬱,1345,1345,11321,名詞,一般,*,*,*,*,鬱,ウツ,ウツ,1/2,C3
鬲,1345,1345,11459,名詞,一般,*,*,*,*,鬲,レキ,レキ,1/2,C3
魍,1345,1345,11249,名詞,一般,*,*,*,*,魍,モウ,モー,1/2,C3
魯,1354,1354,11249,名詞,固有名詞,地域,国,*,*,魯,ロ,ロ,1/1,*
鮐,1345,1345,11818,名詞,一般,*,*,*,*,鮐,フグ,フグ,1/2,C3
鮞,1345,1345,11779,名詞,一般,*,*,*,*,鮞,ハララゴ,ハララゴ,0/4,C2
鮮,1347,1347,12297,名詞,形容動詞語幹,*,*,*,*,鮮,アザラカ,アザラカ,2/4,C1
鯎,1345,1345,11779,名詞,一般,*,*,*,*,鯎,ウグイ,ウグイ,0/3,C2
鯥,1345,1345,12132,名詞,一般,*,*,*,*,鯥,モツ,モツ,1/2,C1
鯸,1345,1345,11818,名詞,一般,*,*,*,*,鯸,フグ,フグ,1/2,C3
鯺,1345,1345,11818,名詞,一般,*,*,*,*,鯺,フグ,フグ,1/2,C3
鰥,1345,1345,11779,名詞,一般,*,*,*,*,鰥,オノコヤモメ,オノコヤモメ,4/6,C1
鰩,1345,1345,11777,名詞,一般,*,*,*,*,鰩,トビウオ,トビウオ,0/4,C2
鰲,1345,1345,11953,名詞,一般,*,*,*,*,鰲,ゴウ,ゴー,1/2,C3
鱉,1345,1345,11768,名詞,一般,*,*,*,*,鱉,スッポン,スッポン,0/4,C2
鱏,1345,1345,12021,名詞,一般,*,*,*,*,鱏,エイ,エイ,1/2,C3
鳴,1351,1351,12537,名詞,固有名詞,人名,名,*,*,鳴,ナル,ナル,1/2,*
鴗,1345,1345,11748,名詞,一般,*,*,*,*,鴗,カワセミ,カワセミ,0/4,C2
鴦,1345,1345,12074,名詞,一般,*,*,*,*,鴦,オシ,オシ,1/2,C3
鴾,1345,1345,11192,名詞,一般,*,*,*,*,鴾,トキ,トキ,1/2,C1
鵃,1345,1345,11778,名詞,一般,*,*,*,*,鵃,ミサゴ,ミサゴ,0/3,C2
鵐,1345,1345,11779,名詞,一般,*,*,*,*,鵐,シトド,シトド,0/3,C2
鵝,1345,1345,11844,名詞,一般,*,*,*,*,鵝,ガ,ガ,1/1,C3
鵞,1345,1345,11844,名詞,一般,*,*,*,*,鵞,ガ,ガ,1/1,C3
鵼,1345,1345,11779,名詞,一般,*,*,*,*,鵼,ヌエ,ヌエ,2/2,C3
鶩,1345,1345,11756,名詞,一般,*,*,*,*,鶩,アヒル,アヒル,0/3,C2
鷗,1345,1345,11802,名詞,一般,*,*,*,*,鷗,カモメ,カモメ,0/3,C2
鸞,1354,1354,11237,名詞,固有名詞,地域,国,*,*,鸞,ラン,ラン,1/2,*
鹹,12,12,7761,形容詞,自立,*,*,形容詞・アウオ段,ガル接続,鹹い,カラ,カラ,2/2,C1
鹹,1345,1345,11958,名詞,一般,*,*,*,*,鹹,カン,カン,1/2,C3
鹽,1345,1345,11099,名詞,一般,*,*,*,*,鹽,シオ,シオ,2/2,C3
麴,1350,1350,11556,名詞,固有名詞,人名,姓,*,*,麴,キク,キク,1/2,*
麵,1345,1345,12076,名詞,一般,*,*,*,*,麵,メン,メン,1/2,C3
黑,12,12,8115,形容詞,自立,*,*,形容詞・アウオ段,ガル接続,黑い,クロ,クロ,2/2,C1
黑,1345,1345,11143,名詞,一般,*,*,*,*,黑,クロ,クロ,1/2,C3
黔,1353,1353,11557,名詞,固有名詞,地域,一般,*,*,黔,ケン,ケン,1/2,*
黙,1351,1351,12551,名詞,固有名詞,人名,名,*,*,黙,モク,モク,1/2,*
黝,12,12,8115,形容詞,自立,*,*,形容詞・アウオ段,ガル接続,黝い,クロ,クロ,2/2,C1
點,1360,1360,11729,名詞,接尾,助数詞,*,*,*,點,テン,テン,0/2,C3
黨,1345,1345,11620,名詞,一般,*,*,*,*,黨,トウ,トー,1/2,C3
黯,12,12,8377,形容詞,自立,*,*,形容詞・アウオ段,ガル接続,黯い,クラ,クラ,0/2,C2
鼯,1345,1345,11779,名詞,一般,*,*,*,*,鼯,ムササビ,ムササビ,0/4,C2
鼹,1345,1345,11769,名詞,一般,*,*,*,*,鼹,モグラ,モグラ,0/3,C2
齋,1351,1351,12025,名詞,固有名詞,人名,名,*,*,齋,ヒトシ,ヒトシ,1/3,*
齗,1345,1345,11340,名詞,一般,*,*,*,*,齗,ハシシ,ハシシ,1/3,*
齡,1375,1375,10511,名詞,副詞可能,*,*,*,*,齡,トシ,トシ,2/2,C4
龐,1349,1349,12343,名詞,固有名詞,人名,一般,*,*,龐,ホウ,ホー,1/2,*
龔,1350,1350,12266,名詞,固有名詞,人名,姓,*,*,龔,キョウ,キョー,1/2,*
龠,1354,1354,11239,名詞,固有名詞,地域,国,*,*,龠,ユエ,ユエ,1/2,*